policy_id,hotel_id,child_policy,pet_policy,extra_bed_policy,extra_bed_charge,extra_bed_currency,payment_methods,airport_pickup,early_checkin_possible,accessibility_notes,updated_at
hpo_a4804264,htl_06d140bd,Suitable for children over 8 only; the property has open stairwells and a plunge pool.,"Pet friendly throughout, including the restaurant terrace.",Extra beds available in suites only.,,,"upi,netbanking,card",1,0,Two steps at the entrance and no lift — not suitable for wheelchair users.,2026-08-18T10:00:00+05:30
hpo_44b65197,htl_d8608c0c,Children under 6 stay free using existing bedding; 6-12 charged at 50% with breakfast.,Small pets under 10kg permitted in ground-floor rooms with prior notice.,Extra beds available in suites only.,,,"netbanking,card",1,1,Two steps at the entrance and no lift — not suitable for wheelchair users.,2026-08-18T10:00:00+05:30
hpo_467ce4dd,htl_51d644a1,"Children of all ages welcome. One child under 5 free per room, cot on request.",Pets are not permitted.,"One extra bed per room, chargeable.",1372.00,INR,"card,netbanking,upi",0,1,Step-free entry from the car park; one accessible bathroom on the ground floor.,2026-08-18T10:00:00+05:30
hpo_9b91072f,htl_34e56f8c,"Children of all ages welcome. One child under 5 free per room, cot on request.",Small pets under 10kg permitted in ground-floor rooms with prior notice.,"One extra bed per room, chargeable.",713.00,INR,"upi,netbanking,wallet",0,1,Two steps at the entrance and no lift — not suitable for wheelchair users.,2026-08-18T10:00:00+05:30
hpo_061cbc4d,htl_a4a12699,"Children of all ages welcome. One child under 5 free per room, cot on request.","Pet friendly throughout, including the restaurant terrace.",Extra beds available in suites only.,2010.00,INR,"netbanking,card,upi",0,0,Lift serves all floors; accessible bathroom in rooms 101 and 102.,2026-08-18T10:00:00+05:30
hpo_86b34056,htl_aacfaa8f,"Children of all ages welcome. One child under 5 free per room, cot on request.","Pet friendly throughout, including the restaurant terrace.",Extra beds available in suites only.,1771.00,INR,"netbanking,wallet,upi",0,1,,2026-08-18T10:00:00+05:30
hpo_7b364a93,htl_82a0debc,Children under 6 stay free using existing bedding; 6-12 charged at 50% with breakfast.,"Pet friendly throughout, including the restaurant terrace.","One extra bed per room, chargeable.",,,"card,wallet",1,1,Step-free entry from the car park; one accessible bathroom on the ground floor.,2026-08-18T10:00:00+05:30
hpo_0038bc4e,htl_e64a06ef,Children under 6 stay free using existing bedding; 6-12 charged at 50% with breakfast.,"Pet friendly throughout, including the restaurant terrace.","One extra bed per room, chargeable.",2173.00,INR,"wallet,upi",0,1,Two steps at the entrance and no lift — not suitable for wheelchair users.,2026-08-18T10:00:00+05:30
hpo_e9d75e73,htl_f4edf35d,Suitable for children over 8 only; the property has open stairwells and a plunge pool.,Pets are not permitted.,Extra beds available in suites only.,1110.00,INR,"netbanking,upi",0,1,Lift serves all floors; accessible bathroom in rooms 101 and 102.,2026-08-18T10:00:00+05:30
hpo_13b39326,htl_6c7be3f3,Suitable for children over 8 only; the property has open stairwells and a plunge pool.,Pets are not permitted.,"One extra bed per room, chargeable.",678.00,INR,"wallet,netbanking,upi,card",1,0,Two steps at the entrance and no lift — not suitable for wheelchair users.,2026-08-18T10:00:00+05:30
hpo_3a9a12f4,htl_9191e906,Children under 6 stay free using existing bedding; 6-12 charged at 50% with breakfast.,Pets are not permitted.,"One extra bed per room, chargeable.",1475.00,INR,"wallet,card,upi",0,1,Lift serves all floors; accessible bathroom in rooms 101 and 102.,2026-08-18T10:00:00+05:30
hpo_85499bb6,htl_16ca75ac,"Children of all ages welcome. One child under 5 free per room, cot on request.",Small pets under 10kg permitted in ground-floor rooms with prior notice.,"One extra bed per room, chargeable.",866.00,INR,"upi,card",0,1,Two steps at the entrance and no lift — not suitable for wheelchair users.,2026-08-18T10:00:00+05:30
hpo_a6c7ee87,htl_fe66f74b,"Children of all ages welcome. One child under 5 free per room, cot on request.","Pet friendly throughout, including the restaurant terrace.",Extra beds available in suites only.,1611.00,INR,"card,netbanking,upi",0,0,,2026-08-18T10:00:00+05:30
hpo_9e5c5d5a,htl_d149da7c,Children under 6 stay free using existing bedding; 6-12 charged at 50% with breakfast.,"Pet friendly throughout, including the restaurant terrace.","One extra bed per room, chargeable.",1272.00,INR,"upi,card,wallet",0,1,,2026-08-18T10:00:00+05:30
hpo_26431c6f,htl_8ceae759,Children under 6 stay free using existing bedding; 6-12 charged at 50% with breakfast.,Small pets under 10kg permitted in ground-floor rooms with prior notice.,No extra beds available.,1993.00,INR,"netbanking,upi,wallet",1,1,Step-free entry from the car park; one accessible bathroom on the ground floor.,2026-08-18T10:00:00+05:30
hpo_fc75af9e,htl_97daa761,Suitable for children over 8 only; the property has open stairwells and a plunge pool.,"Pet friendly throughout, including the restaurant terrace.",No extra beds available.,,,"card,netbanking,wallet",0,0,Step-free entry from the car park; one accessible bathroom on the ground floor.,2026-08-18T10:00:00+05:30
hpo_9f14cdf1,htl_ca3e3a74,Children under 6 stay free using existing bedding; 6-12 charged at 50% with breakfast.,Small pets under 10kg permitted in ground-floor rooms with prior notice.,No extra beds available.,,,"upi,wallet,netbanking",0,0,Two steps at the entrance and no lift — not suitable for wheelchair users.,2026-08-18T10:00:00+05:30
hpo_486f4a60,htl_b4eb0f44,Children under 6 stay free using existing bedding; 6-12 charged at 50% with breakfast.,Pets are not permitted.,"One extra bed per room, chargeable.",2416.00,INR,"card,upi,wallet",1,1,Lift serves all floors; accessible bathroom in rooms 101 and 102.,2026-08-18T10:00:00+05:30
hpo_da1842b0,htl_832544af,Children under 6 stay free using existing bedding; 6-12 charged at 50% with breakfast.,Small pets under 10kg permitted in ground-floor rooms with prior notice.,No extra beds available.,2293.00,INR,"netbanking,upi,card,wallet",1,1,Lift serves all floors; accessible bathroom in rooms 101 and 102.,2026-08-18T10:00:00+05:30
hpo_28e9f515,htl_68af15a1,Children under 6 stay free using existing bedding; 6-12 charged at 50% with breakfast.,"Pet friendly throughout, including the restaurant terrace.","One extra bed per room, chargeable.",1623.00,INR,"upi,card",0,1,,2026-08-18T10:00:00+05:30
hpo_c93c72f8,htl_f89975f1,Suitable for children over 8 only; the property has open stairwells and a plunge pool.,"Pet friendly throughout, including the restaurant terrace.",No extra beds available.,1432.00,INR,"wallet,netbanking",0,0,Step-free entry from the car park; one accessible bathroom on the ground floor.,2026-08-18T10:00:00+05:30
hpo_c2baa88b,htl_3f98054b,Suitable for children over 8 only; the property has open stairwells and a plunge pool.,"Pet friendly throughout, including the restaurant terrace.",No extra beds available.,2466.00,INR,"card,wallet,netbanking,upi",0,1,Step-free entry from the car park; one accessible bathroom on the ground floor.,2026-08-18T10:00:00+05:30
hpo_49473854,htl_437c0b59,Children under 6 stay free using existing bedding; 6-12 charged at 50% with breakfast.,"Pet friendly throughout, including the restaurant terrace.","One extra bed per room, chargeable.",563.00,INR,"wallet,card,upi,netbanking",0,0,,2026-08-18T10:00:00+05:30
hpo_d63ac277,htl_abcdbceb,Children under 6 stay free using existing bedding; 6-12 charged at 50% with breakfast.,Small pets under 10kg permitted in ground-floor rooms with prior notice.,"One extra bed per room, chargeable.",2447.00,INR,"upi,netbanking,wallet,card",0,1,Two steps at the entrance and no lift — not suitable for wheelchair users.,2026-08-18T10:00:00+05:30
hpo_efff6568,htl_d1c721fa,"Children of all ages welcome. One child under 5 free per room, cot on request.","Pet friendly throughout, including the restaurant terrace.","One extra bed per room, chargeable.",,,"wallet,card,netbanking",0,0,Two steps at the entrance and no lift — not suitable for wheelchair users.,2026-08-18T10:00:00+05:30
hpo_97ddef8a,htl_af9267ba,Suitable for children over 8 only; the property has open stairwells and a plunge pool.,Pets are not permitted.,Extra beds available in suites only.,,,"wallet,upi",1,1,Lift serves all floors; accessible bathroom in rooms 101 and 102.,2026-08-18T10:00:00+05:30
hpo_4f74cc22,htl_9c129ce4,Suitable for children over 8 only; the property has open stairwells and a plunge pool.,Small pets under 10kg permitted in ground-floor rooms with prior notice.,"One extra bed per room, chargeable.",,,"netbanking,card",0,0,Two steps at the entrance and no lift — not suitable for wheelchair users.,2026-08-18T10:00:00+05:30
hpo_0fa23d09,htl_d1d22033,"Children of all ages welcome. One child under 5 free per room, cot on request.","Pet friendly throughout, including the restaurant terrace.",No extra beds available.,1587.00,INR,"card,upi,netbanking",0,0,Lift serves all floors; accessible bathroom in rooms 101 and 102.,2026-08-18T10:00:00+05:30
hpo_42dc6cdf,htl_1b0f8353,Suitable for children over 8 only; the property has open stairwells and a plunge pool.,Pets are not permitted.,No extra beds available.,1225.00,INR,"netbanking,upi",1,0,Two steps at the entrance and no lift — not suitable for wheelchair users.,2026-08-18T10:00:00+05:30
hpo_8cb209b2,htl_d190083e,"Children of all ages welcome. One child under 5 free per room, cot on request.",Pets are not permitted.,"One extra bed per room, chargeable.",449.00,INR,"wallet,upi",0,1,Step-free entry from the car park; one accessible bathroom on the ground floor.,2026-08-18T10:00:00+05:30
hpo_c87467be,htl_3c8db5e1,"Children of all ages welcome. One child under 5 free per room, cot on request.",Small pets under 10kg permitted in ground-floor rooms with prior notice.,Extra beds available in suites only.,773.00,INR,"wallet,netbanking,upi",0,1,Two steps at the entrance and no lift — not suitable for wheelchair users.,2026-08-18T10:00:00+05:30
hpo_a8289b4a,htl_95e7afb1,Children under 6 stay free using existing bedding; 6-12 charged at 50% with breakfast.,Pets are not permitted.,Extra beds available in suites only.,,,"upi,netbanking,wallet,card",0,1,Two steps at the entrance and no lift — not suitable for wheelchair users.,2026-08-18T10:00:00+05:30
hpo_0640c1fd,htl_f32a6fab,Suitable for children over 8 only; the property has open stairwells and a plunge pool.,Pets are not permitted.,No extra beds available.,431.00,INR,"upi,wallet,card,netbanking",1,0,Two steps at the entrance and no lift — not suitable for wheelchair users.,2026-08-18T10:00:00+05:30
hpo_4f77b7e0,htl_edfb03a8,"Children of all ages welcome. One child under 5 free per room, cot on request.",Pets are not permitted.,No extra beds available.,,,"wallet,upi,card",1,1,Lift serves all floors; accessible bathroom in rooms 101 and 102.,2026-08-18T10:00:00+05:30
hpo_e2510779,htl_a4d27c8c,Children under 6 stay free using existing bedding; 6-12 charged at 50% with breakfast.,Pets are not permitted.,"One extra bed per room, chargeable.",1889.00,INR,"card,netbanking,wallet",1,1,Two steps at the entrance and no lift — not suitable for wheelchair users.,2026-08-18T10:00:00+05:30
hpo_cde74bad,htl_68ea7979,Children under 6 stay free using existing bedding; 6-12 charged at 50% with breakfast.,"Pet friendly throughout, including the restaurant terrace.","One extra bed per room, chargeable.",1585.00,INR,"upi,netbanking",1,1,Lift serves all floors; accessible bathroom in rooms 101 and 102.,2026-08-18T10:00:00+05:30
hpo_427d69c7,htl_43f3566e,Children under 6 stay free using existing bedding; 6-12 charged at 50% with breakfast.,"Pet friendly throughout, including the restaurant terrace.",No extra beds available.,2221.00,INR,"card,netbanking,upi",0,1,,2026-08-18T10:00:00+05:30
hpo_8b293a84,htl_ace63054,"Children of all ages welcome. One child under 5 free per room, cot on request.",Small pets under 10kg permitted in ground-floor rooms with prior notice.,Extra beds available in suites only.,1498.00,INR,"card,wallet,upi",1,1,Two steps at the entrance and no lift — not suitable for wheelchair users.,2026-08-18T10:00:00+05:30
hpo_7bb1709b,htl_40a881e8,Suitable for children over 8 only; the property has open stairwells and a plunge pool.,Small pets under 10kg permitted in ground-floor rooms with prior notice.,Extra beds available in suites only.,692.00,INR,"card,wallet",0,1,Lift serves all floors; accessible bathroom in rooms 101 and 102.,2026-08-18T10:00:00+05:30
hpo_95792ede,htl_df6e2340,"Children of all ages welcome. One child under 5 free per room, cot on request.",Small pets under 10kg permitted in ground-floor rooms with prior notice.,No extra beds available.,,,"card,wallet",0,1,Lift serves all floors; accessible bathroom in rooms 101 and 102.,2026-08-18T10:00:00+05:30
hpo_595a94ae,htl_3e3a38c5,Suitable for children over 8 only; the property has open stairwells and a plunge pool.,Small pets under 10kg permitted in ground-floor rooms with prior notice.,"One extra bed per room, chargeable.",2214.00,INR,"card,wallet,netbanking,upi",1,0,,2026-08-18T10:00:00+05:30
hpo_5e3c0649,htl_d07e29f4,"Children of all ages welcome. One child under 5 free per room, cot on request.",Pets are not permitted.,Extra beds available in suites only.,1842.00,INR,"card,netbanking",0,0,,2026-08-18T10:00:00+05:30
hpo_193b3bdd,htl_fb894fd0,"Children of all ages welcome. One child under 5 free per room, cot on request.",Pets are not permitted.,"One extra bed per room, chargeable.",545.00,INR,"upi,wallet,netbanking",0,0,Lift serves all floors; accessible bathroom in rooms 101 and 102.,2026-08-18T10:00:00+05:30
hpo_e3d4fb2e,htl_7b47fb46,Suitable for children over 8 only; the property has open stairwells and a plunge pool.,Small pets under 10kg permitted in ground-floor rooms with prior notice.,"One extra bed per room, chargeable.",,,"wallet,netbanking,card,upi",0,0,Step-free entry from the car park; one accessible bathroom on the ground floor.,2026-08-18T10:00:00+05:30
hpo_e64a0061,htl_34abcc09,Suitable for children over 8 only; the property has open stairwells and a plunge pool.,Pets are not permitted.,Extra beds available in suites only.,,,"upi,card,netbanking",0,0,Step-free entry from the car park; one accessible bathroom on the ground floor.,2026-08-18T10:00:00+05:30
hpo_7231891f,htl_2ca76c96,Suitable for children over 8 only; the property has open stairwells and a plunge pool.,"Pet friendly throughout, including the restaurant terrace.",No extra beds available.,2185.00,INR,"upi,card,wallet,netbanking",1,0,,2026-08-18T10:00:00+05:30
hpo_3703e604,htl_d9b34d26,Suitable for children over 8 only; the property has open stairwells and a plunge pool.,Small pets under 10kg permitted in ground-floor rooms with prior notice.,Extra beds available in suites only.,1349.00,INR,"netbanking,card,wallet,upi",0,1,,2026-08-18T10:00:00+05:30
hpo_dc70937b,htl_b868ebcf,Suitable for children over 8 only; the property has open stairwells and a plunge pool.,Pets are not permitted.,No extra beds available.,,,"card,netbanking",1,1,Lift serves all floors; accessible bathroom in rooms 101 and 102.,2026-08-18T10:00:00+05:30
hpo_5b52a2f8,htl_4e4752d8,Suitable for children over 8 only; the property has open stairwells and a plunge pool.,"Pet friendly throughout, including the restaurant terrace.",Extra beds available in suites only.,1358.00,INR,"netbanking,upi",0,1,Step-free entry from the car park; one accessible bathroom on the ground floor.,2026-08-18T10:00:00+05:30
hpo_589053da,htl_9e900d70,"Children of all ages welcome. One child under 5 free per room, cot on request.",Pets are not permitted.,"One extra bed per room, chargeable.",,,"wallet,card,upi,netbanking",1,0,,2026-08-18T10:00:00+05:30
hpo_ab7a4c38,htl_64b0b167,Children under 6 stay free using existing bedding; 6-12 charged at 50% with breakfast.,Small pets under 10kg permitted in ground-floor rooms with prior notice.,"One extra bed per room, chargeable.",,,"card,wallet,netbanking",0,0,Two steps at the entrance and no lift — not suitable for wheelchair users.,2026-08-18T10:00:00+05:30
hpo_fd44cc51,htl_7a46102c,Children under 6 stay free using existing bedding; 6-12 charged at 50% with breakfast.,"Pet friendly throughout, including the restaurant terrace.",No extra beds available.,2597.00,INR,"netbanking,card",1,1,,2026-08-18T10:00:00+05:30
hpo_f407ccaf,htl_c758f72a,"Children of all ages welcome. One child under 5 free per room, cot on request.","Pet friendly throughout, including the restaurant terrace.",Extra beds available in suites only.,,,"netbanking,card,upi,wallet",0,0,Two steps at the entrance and no lift — not suitable for wheelchair users.,2026-08-18T10:00:00+05:30
hpo_ea53cd49,htl_623c41c5,Suitable for children over 8 only; the property has open stairwells and a plunge pool.,"Pet friendly throughout, including the restaurant terrace.","One extra bed per room, chargeable.",705.00,INR,"upi,netbanking,card",1,0,Lift serves all floors; accessible bathroom in rooms 101 and 102.,2026-08-18T10:00:00+05:30
hpo_2bffaadb,htl_97c0591b,"Children of all ages welcome. One child under 5 free per room, cot on request.",Pets are not permitted.,Extra beds available in suites only.,1303.00,INR,"netbanking,card,upi",1,1,Lift serves all floors; accessible bathroom in rooms 101 and 102.,2026-08-18T10:00:00+05:30
hpo_7c82a007,htl_2b79009c,Children under 6 stay free using existing bedding; 6-12 charged at 50% with breakfast.,"Pet friendly throughout, including the restaurant terrace.",No extra beds available.,1933.00,INR,"card,wallet,netbanking,upi",1,1,,2026-08-18T10:00:00+05:30
hpo_f56f5711,htl_a7f2c402,Children under 6 stay free using existing bedding; 6-12 charged at 50% with breakfast.,"Pet friendly throughout, including the restaurant terrace.",Extra beds available in suites only.,714.00,INR,"netbanking,wallet,card,upi",0,0,,2026-08-18T10:00:00+05:30
hpo_a1be4145,htl_64e6662b,Children under 6 stay free using existing bedding; 6-12 charged at 50% with breakfast.,Small pets under 10kg permitted in ground-floor rooms with prior notice.,"One extra bed per room, chargeable.",1661.00,INR,"wallet,netbanking,card,upi",1,1,Two steps at the entrance and no lift — not suitable for wheelchair users.,2026-08-18T10:00:00+05:30
hpo_7e54a74b,htl_0e2c0e6e,Children under 6 stay free using existing bedding; 6-12 charged at 50% with breakfast.,"Pet friendly throughout, including the restaurant terrace.","One extra bed per room, chargeable.",,,"wallet,upi",0,0,Lift serves all floors; accessible bathroom in rooms 101 and 102.,2026-08-18T10:00:00+05:30
hpo_1431e906,htl_34a81c98,Suitable for children over 8 only; the property has open stairwells and a plunge pool.,Pets are not permitted.,Extra beds available in suites only.,,,"upi,netbanking",0,1,,2026-08-18T10:00:00+05:30
hpo_e4496a4e,htl_fc4f2312,"Children of all ages welcome. One child under 5 free per room, cot on request.",Small pets under 10kg permitted in ground-floor rooms with prior notice.,Extra beds available in suites only.,,,"wallet,upi,netbanking,card",0,0,Step-free entry from the car park; one accessible bathroom on the ground floor.,2026-08-18T10:00:00+05:30
hpo_164a1cc3,htl_2c61b5c9,"Children of all ages welcome. One child under 5 free per room, cot on request.",Pets are not permitted.,Extra beds available in suites only.,1366.00,INR,"netbanking,card",0,0,Lift serves all floors; accessible bathroom in rooms 101 and 102.,2026-08-18T10:00:00+05:30
hpo_f4ffc6f1,htl_7920dc76,Suitable for children over 8 only; the property has open stairwells and a plunge pool.,Small pets under 10kg permitted in ground-floor rooms with prior notice.,Extra beds available in suites only.,2576.00,INR,"upi,wallet",1,1,Step-free entry from the car park; one accessible bathroom on the ground floor.,2026-08-18T10:00:00+05:30
hpo_c5488e9c,htl_07bfe1c5,Suitable for children over 8 only; the property has open stairwells and a plunge pool.,Pets are not permitted.,"One extra bed per room, chargeable.",,,"card,netbanking,upi",0,0,,2026-08-18T10:00:00+05:30
hpo_20ce3a61,htl_8727e865,"Children of all ages welcome. One child under 5 free per room, cot on request.",Pets are not permitted.,Extra beds available in suites only.,,,"card,netbanking",1,0,Lift serves all floors; accessible bathroom in rooms 101 and 102.,2026-08-18T10:00:00+05:30
hpo_a5c79bff,htl_edab68d0,"Children of all ages welcome. One child under 5 free per room, cot on request.",Small pets under 10kg permitted in ground-floor rooms with prior notice.,No extra beds available.,,,"upi,netbanking,wallet,card",1,0,Step-free entry from the car park; one accessible bathroom on the ground floor.,2026-08-18T10:00:00+05:30
hpo_1dab12a9,htl_76c57a96,Children under 6 stay free using existing bedding; 6-12 charged at 50% with breakfast.,"Pet friendly throughout, including the restaurant terrace.",Extra beds available in suites only.,1687.00,INR,"card,upi",0,0,Step-free entry from the car park; one accessible bathroom on the ground floor.,2026-08-18T10:00:00+05:30
hpo_8e461c58,htl_f6df417b,Children under 6 stay free using existing bedding; 6-12 charged at 50% with breakfast.,Small pets under 10kg permitted in ground-floor rooms with prior notice.,No extra beds available.,2131.00,INR,"card,upi,wallet",1,1,Lift serves all floors; accessible bathroom in rooms 101 and 102.,2026-08-18T10:00:00+05:30
hpo_25e9eeb5,htl_73b94512,Suitable for children over 8 only; the property has open stairwells and a plunge pool.,Small pets under 10kg permitted in ground-floor rooms with prior notice.,No extra beds available.,480.00,INR,"netbanking,upi,card",0,1,Two steps at the entrance and no lift — not suitable for wheelchair users.,2026-08-18T10:00:00+05:30
hpo_ef502902,htl_d526541d,Children under 6 stay free using existing bedding; 6-12 charged at 50% with breakfast.,Pets are not permitted.,"One extra bed per room, chargeable.",1127.00,INR,"netbanking,card,wallet,upi",0,1,,2026-08-18T10:00:00+05:30
hpo_1461fca7,htl_c6ab89b1,Children under 6 stay free using existing bedding; 6-12 charged at 50% with breakfast.,Small pets under 10kg permitted in ground-floor rooms with prior notice.,Extra beds available in suites only.,1244.00,INR,"wallet,netbanking",0,1,Two steps at the entrance and no lift — not suitable for wheelchair users.,2026-08-18T10:00:00+05:30
hpo_fc822b3b,htl_cb869e4b,Suitable for children over 8 only; the property has open stairwells and a plunge pool.,"Pet friendly throughout, including the restaurant terrace.","One extra bed per room, chargeable.",2350.00,INR,"upi,netbanking",1,0,,2026-08-18T10:00:00+05:30
hpo_0ad0c0bf,htl_53f95667,"Children of all ages welcome. One child under 5 free per room, cot on request.","Pet friendly throughout, including the restaurant terrace.","One extra bed per room, chargeable.",858.00,INR,"card,wallet",0,1,,2026-08-18T10:00:00+05:30
hpo_ffef1d09,htl_4449653d,Children under 6 stay free using existing bedding; 6-12 charged at 50% with breakfast.,"Pet friendly throughout, including the restaurant terrace.","One extra bed per room, chargeable.",2298.00,INR,"netbanking,upi,wallet",1,0,Step-free entry from the car park; one accessible bathroom on the ground floor.,2026-08-18T10:00:00+05:30
hpo_d2ad4b4d,htl_6439d03a,Suitable for children over 8 only; the property has open stairwells and a plunge pool.,Pets are not permitted.,"One extra bed per room, chargeable.",1729.00,INR,"card,upi",1,1,Lift serves all floors; accessible bathroom in rooms 101 and 102.,2026-08-18T10:00:00+05:30
hpo_920191a4,htl_e28207c9,Children under 6 stay free using existing bedding; 6-12 charged at 50% with breakfast.,"Pet friendly throughout, including the restaurant terrace.","One extra bed per room, chargeable.",2128.00,INR,"netbanking,upi,wallet,card",1,1,Step-free entry from the car park; one accessible bathroom on the ground floor.,2026-08-18T10:00:00+05:30
hpo_b5c55c69,htl_6fdb8c08,"Children of all ages welcome. One child under 5 free per room, cot on request.","Pet friendly throughout, including the restaurant terrace.",Extra beds available in suites only.,664.00,INR,"netbanking,upi,card,wallet",1,0,Lift serves all floors; accessible bathroom in rooms 101 and 102.,2026-08-18T10:00:00+05:30
hpo_de0f1529,htl_f819e1d6,Children under 6 stay free using existing bedding; 6-12 charged at 50% with breakfast.,"Pet friendly throughout, including the restaurant terrace.",Extra beds available in suites only.,1266.00,INR,"netbanking,card,wallet",1,0,Lift serves all floors; accessible bathroom in rooms 101 and 102.,2026-08-18T10:00:00+05:30
hpo_d030da90,htl_7e8acd66,Suitable for children over 8 only; the property has open stairwells and a plunge pool.,Small pets under 10kg permitted in ground-floor rooms with prior notice.,No extra beds available.,930.00,INR,"netbanking,card,wallet,upi",1,0,Lift serves all floors; accessible bathroom in rooms 101 and 102.,2026-08-18T10:00:00+05:30
hpo_1fab8e40,htl_52debcee,Children under 6 stay free using existing bedding; 6-12 charged at 50% with breakfast.,Small pets under 10kg permitted in ground-floor rooms with prior notice.,No extra beds available.,1211.00,INR,"upi,netbanking,card",0,0,Two steps at the entrance and no lift — not suitable for wheelchair users.,2026-08-18T10:00:00+05:30
hpo_68e8f7cd,htl_b76950b4,Suitable for children over 8 only; the property has open stairwells and a plunge pool.,"Pet friendly throughout, including the restaurant terrace.",Extra beds available in suites only.,1583.00,INR,"upi,netbanking,wallet,card",0,0,,2026-08-18T10:00:00+05:30
hpo_9551df9b,htl_bf05fe97,Children under 6 stay free using existing bedding; 6-12 charged at 50% with breakfast.,"Pet friendly throughout, including the restaurant terrace.","One extra bed per room, chargeable.",1125.00,INR,"card,wallet",0,1,,2026-08-18T10:00:00+05:30
hpo_74e6d3c2,htl_4a6af4a8,Children under 6 stay free using existing bedding; 6-12 charged at 50% with breakfast.,Pets are not permitted.,Extra beds available in suites only.,880.00,INR,"netbanking,card,upi,wallet",1,0,,2026-08-18T10:00:00+05:30
hpo_a7374e72,htl_692b71cc,Suitable for children over 8 only; the property has open stairwells and a plunge pool.,Pets are not permitted.,No extra beds available.,,,"card,wallet,upi",0,0,Two steps at the entrance and no lift — not suitable for wheelchair users.,2026-08-18T10:00:00+05:30
hpo_c17ae363,htl_6961a498,Suitable for children over 8 only; the property has open stairwells and a plunge pool.,"Pet friendly throughout, including the restaurant terrace.","One extra bed per room, chargeable.",1929.00,INR,"netbanking,wallet,upi",1,1,Two steps at the entrance and no lift — not suitable for wheelchair users.,2026-08-18T10:00:00+05:30
hpo_51d0eab0,htl_1dc2d45a,Suitable for children over 8 only; the property has open stairwells and a plunge pool.,"Pet friendly throughout, including the restaurant terrace.",Extra beds available in suites only.,,,"card,netbanking,wallet",0,0,,2026-08-18T10:00:00+05:30
hpo_31005990,htl_d1ff6baa,Suitable for children over 8 only; the property has open stairwells and a plunge pool.,Small pets under 10kg permitted in ground-floor rooms with prior notice.,No extra beds available.,,,"upi,wallet,card",1,1,Lift serves all floors; accessible bathroom in rooms 101 and 102.,2026-08-18T10:00:00+05:30
hpo_bbf1878a,htl_28873757,Children under 6 stay free using existing bedding; 6-12 charged at 50% with breakfast.,Pets are not permitted.,"One extra bed per room, chargeable.",1295.00,INR,"upi,netbanking,wallet",0,1,Step-free entry from the car park; one accessible bathroom on the ground floor.,2026-08-18T10:00:00+05:30
hpo_72a8faf3,htl_be32214e,"Children of all ages welcome. One child under 5 free per room, cot on request.",Small pets under 10kg permitted in ground-floor rooms with prior notice.,Extra beds available in suites only.,1478.00,INR,"card,wallet,upi,netbanking",1,1,Two steps at the entrance and no lift — not suitable for wheelchair users.,2026-08-18T10:00:00+05:30
hpo_d1decd1c,htl_9553dd98,"Children of all ages welcome. One child under 5 free per room, cot on request.",Small pets under 10kg permitted in ground-floor rooms with prior notice.,No extra beds available.,,,"upi,netbanking,wallet,card",1,1,,2026-08-18T10:00:00+05:30
hpo_acfa1fcd,htl_7d0e7ea3,Children under 6 stay free using existing bedding; 6-12 charged at 50% with breakfast.,"Pet friendly throughout, including the restaurant terrace.",No extra beds available.,,,"wallet,netbanking",0,1,,2026-08-18T10:00:00+05:30
hpo_059e6671,htl_7cacf12d,Suitable for children over 8 only; the property has open stairwells and a plunge pool.,"Pet friendly throughout, including the restaurant terrace.","One extra bed per room, chargeable.",1921.00,INR,"wallet,card,upi",1,0,,2026-08-18T10:00:00+05:30
hpo_0bddfdc1,htl_107cf306,Children under 6 stay free using existing bedding; 6-12 charged at 50% with breakfast.,Small pets under 10kg permitted in ground-floor rooms with prior notice.,Extra beds available in suites only.,691.00,INR,"wallet,upi,netbanking,card",1,1,Step-free entry from the car park; one accessible bathroom on the ground floor.,2026-08-18T10:00:00+05:30
hpo_1411389b,htl_9fca9e1c,"Children of all ages welcome. One child under 5 free per room, cot on request.","Pet friendly throughout, including the restaurant terrace.",No extra beds available.,595.00,INR,"netbanking,upi,card",0,1,Lift serves all floors; accessible bathroom in rooms 101 and 102.,2026-08-18T10:00:00+05:30
hpo_f92cde66,htl_55eda192,Suitable for children over 8 only; the property has open stairwells and a plunge pool.,Small pets under 10kg permitted in ground-floor rooms with prior notice.,Extra beds available in suites only.,707.00,INR,"card,netbanking",0,1,,2026-08-18T10:00:00+05:30
hpo_f8044f34,htl_85d1f924,"Children of all ages welcome. One child under 5 free per room, cot on request.",Small pets under 10kg permitted in ground-floor rooms with prior notice.,"One extra bed per room, chargeable.",2378.00,INR,"card,upi,netbanking",0,1,Lift serves all floors; accessible bathroom in rooms 101 and 102.,2026-08-18T10:00:00+05:30
hpo_5c8049c9,htl_fa769a3e,Suitable for children over 8 only; the property has open stairwells and a plunge pool.,Pets are not permitted.,No extra beds available.,549.00,INR,"card,upi",1,0,,2026-08-18T10:00:00+05:30
hpo_063c9967,htl_4906f5ef,Children under 6 stay free using existing bedding; 6-12 charged at 50% with breakfast.,Small pets under 10kg permitted in ground-floor rooms with prior notice.,Extra beds available in suites only.,,,"upi,wallet",1,1,Two steps at the entrance and no lift — not suitable for wheelchair users.,2026-08-18T10:00:00+05:30
hpo_8bc7b8fd,htl_722f8202,"Children of all ages welcome. One child under 5 free per room, cot on request.","Pet friendly throughout, including the restaurant terrace.",No extra beds available.,456.00,INR,"card,wallet,netbanking",1,1,Step-free entry from the car park; one accessible bathroom on the ground floor.,2026-08-18T10:00:00+05:30
hpo_6727a5c5,htl_f8fc5376,"Children of all ages welcome. One child under 5 free per room, cot on request.",Small pets under 10kg permitted in ground-floor rooms with prior notice.,No extra beds available.,,,"wallet,upi",1,1,Two steps at the entrance and no lift — not suitable for wheelchair users.,2026-08-18T10:00:00+05:30
hpo_66410f1d,htl_704d96f5,"Children of all ages welcome. One child under 5 free per room, cot on request.",Small pets under 10kg permitted in ground-floor rooms with prior notice.,No extra beds available.,1333.00,INR,"netbanking,upi,wallet",0,1,Two steps at the entrance and no lift — not suitable for wheelchair users.,2026-08-18T10:00:00+05:30
hpo_0fdd0021,htl_14aa3026,Suitable for children over 8 only; the property has open stairwells and a plunge pool.,Small pets under 10kg permitted in ground-floor rooms with prior notice.,No extra beds available.,1431.00,INR,"upi,card,wallet,netbanking",0,1,Step-free entry from the car park; one accessible bathroom on the ground floor.,2026-08-18T10:00:00+05:30
hpo_6801b8b4,htl_1ef3de6b,Suitable for children over 8 only; the property has open stairwells and a plunge pool.,Pets are not permitted.,No extra beds available.,950.00,INR,"card,upi,netbanking,wallet",0,1,Step-free entry from the car park; one accessible bathroom on the ground floor.,2026-08-18T10:00:00+05:30
hpo_cfc7c4be,htl_13ad06f2,Suitable for children over 8 only; the property has open stairwells and a plunge pool.,"Pet friendly throughout, including the restaurant terrace.",No extra beds available.,2197.00,INR,"netbanking,wallet",1,0,Step-free entry from the car park; one accessible bathroom on the ground floor.,2026-08-18T10:00:00+05:30
hpo_f1206126,htl_5488ed63,Suitable for children over 8 only; the property has open stairwells and a plunge pool.,"Pet friendly throughout, including the restaurant terrace.",No extra beds available.,634.00,INR,"netbanking,wallet,upi,card",1,0,Two steps at the entrance and no lift — not suitable for wheelchair users.,2026-08-18T10:00:00+05:30
hpo_02888d89,htl_ed48c7a2,"Children of all ages welcome. One child under 5 free per room, cot on request.",Pets are not permitted.,No extra beds available.,,,"upi,card,wallet,netbanking",1,0,Step-free entry from the car park; one accessible bathroom on the ground floor.,2026-08-18T10:00:00+05:30
hpo_2fc9b136,htl_aceeb75d,Children under 6 stay free using existing bedding; 6-12 charged at 50% with breakfast.,"Pet friendly throughout, including the restaurant terrace.",Extra beds available in suites only.,1377.00,INR,"netbanking,wallet,upi,card",1,1,Two steps at the entrance and no lift — not suitable for wheelchair users.,2026-08-18T10:00:00+05:30
hpo_174942b9,htl_df0a4506,Suitable for children over 8 only; the property has open stairwells and a plunge pool.,Pets are not permitted.,No extra beds available.,1228.00,INR,"card,netbanking,wallet,upi",1,0,Step-free entry from the car park; one accessible bathroom on the ground floor.,2026-08-18T10:00:00+05:30
hpo_f9023786,htl_5cc7b022,Suitable for children over 8 only; the property has open stairwells and a plunge pool.,Pets are not permitted.,"One extra bed per room, chargeable.",,,"netbanking,card,upi,wallet",1,1,Lift serves all floors; accessible bathroom in rooms 101 and 102.,2026-08-18T10:00:00+05:30
hpo_18b157f2,htl_436d4430,"Children of all ages welcome. One child under 5 free per room, cot on request.","Pet friendly throughout, including the restaurant terrace.",Extra beds available in suites only.,583.00,INR,"card,upi,netbanking",0,0,Step-free entry from the car park; one accessible bathroom on the ground floor.,2026-08-18T10:00:00+05:30
hpo_9835ff54,htl_ee1f6167,Children under 6 stay free using existing bedding; 6-12 charged at 50% with breakfast.,"Pet friendly throughout, including the restaurant terrace.",Extra beds available in suites only.,,,"wallet,upi",0,1,,2026-08-18T10:00:00+05:30
hpo_6157c390,htl_6f9c55b9,Suitable for children over 8 only; the property has open stairwells and a plunge pool.,Small pets under 10kg permitted in ground-floor rooms with prior notice.,Extra beds available in suites only.,2450.00,INR,"upi,netbanking",0,1,Two steps at the entrance and no lift — not suitable for wheelchair users.,2026-08-18T10:00:00+05:30
hpo_fc4e01cc,htl_e7f80c48,"Children of all ages welcome. One child under 5 free per room, cot on request.","Pet friendly throughout, including the restaurant terrace.",Extra beds available in suites only.,2026.00,INR,"card,upi",0,1,Lift serves all floors; accessible bathroom in rooms 101 and 102.,2026-08-18T10:00:00+05:30
hpo_ee1e6dee,htl_a7836911,Children under 6 stay free using existing bedding; 6-12 charged at 50% with breakfast.,Pets are not permitted.,Extra beds available in suites only.,467.00,INR,"upi,card,wallet,netbanking",1,1,Lift serves all floors; accessible bathroom in rooms 101 and 102.,2026-08-18T10:00:00+05:30
hpo_ee366812,htl_c649fa89,"Children of all ages welcome. One child under 5 free per room, cot on request.",Small pets under 10kg permitted in ground-floor rooms with prior notice.,No extra beds available.,2557.00,INR,"netbanking,upi,card",0,1,Step-free entry from the car park; one accessible bathroom on the ground floor.,2026-08-18T10:00:00+05:30
hpo_7fed1d98,htl_62ba5d99,Suitable for children over 8 only; the property has open stairwells and a plunge pool.,Pets are not permitted.,"One extra bed per room, chargeable.",1058.00,INR,"netbanking,wallet",0,0,Two steps at the entrance and no lift — not suitable for wheelchair users.,2026-08-18T10:00:00+05:30
hpo_7c65672c,htl_a131f5ce,Suitable for children over 8 only; the property has open stairwells and a plunge pool.,"Pet friendly throughout, including the restaurant terrace.",Extra beds available in suites only.,2499.00,INR,"wallet,netbanking,card",0,0,Step-free entry from the car park; one accessible bathroom on the ground floor.,2026-08-18T10:00:00+05:30
hpo_d4ee932d,htl_5f017daa,Suitable for children over 8 only; the property has open stairwells and a plunge pool.,Pets are not permitted.,"One extra bed per room, chargeable.",1957.00,INR,"wallet,netbanking,card",0,1,Two steps at the entrance and no lift — not suitable for wheelchair users.,2026-08-18T10:00:00+05:30
hpo_062029e4,htl_b58f3951,Suitable for children over 8 only; the property has open stairwells and a plunge pool.,Pets are not permitted.,"One extra bed per room, chargeable.",2172.00,INR,"upi,wallet,netbanking",0,1,Two steps at the entrance and no lift — not suitable for wheelchair users.,2026-08-18T10:00:00+05:30
hpo_a33854f9,htl_f415989a,Suitable for children over 8 only; the property has open stairwells and a plunge pool.,Small pets under 10kg permitted in ground-floor rooms with prior notice.,Extra beds available in suites only.,806.00,INR,"card,wallet,upi",1,0,Lift serves all floors; accessible bathroom in rooms 101 and 102.,2026-08-18T10:00:00+05:30
hpo_93cb4950,htl_d1b123ad,Children under 6 stay free using existing bedding; 6-12 charged at 50% with breakfast.,"Pet friendly throughout, including the restaurant terrace.","One extra bed per room, chargeable.",,,"card,netbanking",0,1,,2026-08-18T10:00:00+05:30
hpo_eebb3669,htl_0c108c67,"Children of all ages welcome. One child under 5 free per room, cot on request.",Small pets under 10kg permitted in ground-floor rooms with prior notice.,No extra beds available.,820.00,INR,"card,upi,netbanking",1,1,Step-free entry from the car park; one accessible bathroom on the ground floor.,2026-08-18T10:00:00+05:30
hpo_bd134500,htl_3e63856a,"Children of all ages welcome. One child under 5 free per room, cot on request.",Small pets under 10kg permitted in ground-floor rooms with prior notice.,Extra beds available in suites only.,2119.00,INR,"netbanking,wallet,upi",1,1,Lift serves all floors; accessible bathroom in rooms 101 and 102.,2026-08-18T10:00:00+05:30
hpo_16f6b349,htl_b1b494c7,Children under 6 stay free using existing bedding; 6-12 charged at 50% with breakfast.,Small pets under 10kg permitted in ground-floor rooms with prior notice.,No extra beds available.,1366.00,INR,"upi,netbanking,card",0,1,Lift serves all floors; accessible bathroom in rooms 101 and 102.,2026-08-18T10:00:00+05:30
hpo_ce4dcdf2,htl_c134b947,Children under 6 stay free using existing bedding; 6-12 charged at 50% with breakfast.,"Pet friendly throughout, including the restaurant terrace.",Extra beds available in suites only.,,,"card,netbanking,wallet",1,1,Two steps at the entrance and no lift — not suitable for wheelchair users.,2026-08-18T10:00:00+05:30
hpo_977dd122,htl_040c557e,Children under 6 stay free using existing bedding; 6-12 charged at 50% with breakfast.,Small pets under 10kg permitted in ground-floor rooms with prior notice.,"One extra bed per room, chargeable.",,,"upi,netbanking,card",1,0,Step-free entry from the car park; one accessible bathroom on the ground floor.,2026-08-18T10:00:00+05:30
hpo_d23ddc9b,htl_8179b205,"Children of all ages welcome. One child under 5 free per room, cot on request.","Pet friendly throughout, including the restaurant terrace.",No extra beds available.,,,"wallet,netbanking,card,upi",1,0,Lift serves all floors; accessible bathroom in rooms 101 and 102.,2026-08-18T10:00:00+05:30
hpo_0c1822cc,htl_9b015642,Suitable for children over 8 only; the property has open stairwells and a plunge pool.,Small pets under 10kg permitted in ground-floor rooms with prior notice.,No extra beds available.,708.00,INR,"netbanking,upi,card",1,1,Step-free entry from the car park; one accessible bathroom on the ground floor.,2026-08-18T10:00:00+05:30
hpo_4744eac6,htl_e13e7c6e,Children under 6 stay free using existing bedding; 6-12 charged at 50% with breakfast.,Pets are not permitted.,"One extra bed per room, chargeable.",1440.00,INR,"card,netbanking",0,0,,2026-08-18T10:00:00+05:30
hpo_c98f6b71,htl_b93e42eb,Children under 6 stay free using existing bedding; 6-12 charged at 50% with breakfast.,Pets are not permitted.,"One extra bed per room, chargeable.",1401.00,INR,"upi,card,wallet",1,0,Step-free entry from the car park; one accessible bathroom on the ground floor.,2026-08-18T10:00:00+05:30
hpo_2c681d41,htl_9643ee61,Suitable for children over 8 only; the property has open stairwells and a plunge pool.,Pets are not permitted.,No extra beds available.,,,"upi,card,wallet",0,0,Two steps at the entrance and no lift — not suitable for wheelchair users.,2026-08-18T10:00:00+05:30
hpo_fb3d9455,htl_c9bc505f,"Children of all ages welcome. One child under 5 free per room, cot on request.","Pet friendly throughout, including the restaurant terrace.",Extra beds available in suites only.,2269.00,INR,"upi,netbanking,wallet",0,0,Two steps at the entrance and no lift — not suitable for wheelchair users.,2026-08-18T10:00:00+05:30
hpo_987ef188,htl_7aa20f17,"Children of all ages welcome. One child under 5 free per room, cot on request.",Small pets under 10kg permitted in ground-floor rooms with prior notice.,Extra beds available in suites only.,806.00,INR,"upi,card",1,1,,2026-08-18T10:00:00+05:30
hpo_144b368f,htl_ec9ef535,Suitable for children over 8 only; the property has open stairwells and a plunge pool.,"Pet friendly throughout, including the restaurant terrace.",Extra beds available in suites only.,,,"netbanking,upi,card",1,0,Two steps at the entrance and no lift — not suitable for wheelchair users.,2026-08-18T10:00:00+05:30
hpo_88a1018d,htl_bc107f55,"Children of all ages welcome. One child under 5 free per room, cot on request.",Pets are not permitted.,No extra beds available.,2277.00,INR,"netbanking,card,upi",0,0,,2026-08-18T10:00:00+05:30
hpo_fd5d39c2,htl_7bdd1aff,"Children of all ages welcome. One child under 5 free per room, cot on request.",Small pets under 10kg permitted in ground-floor rooms with prior notice.,"One extra bed per room, chargeable.",1022.00,INR,"upi,card,netbanking,wallet",1,1,,2026-08-18T10:00:00+05:30
hpo_c0a345f4,htl_e3c2d87b,Children under 6 stay free using existing bedding; 6-12 charged at 50% with breakfast.,Pets are not permitted.,No extra beds available.,1460.00,INR,"wallet,upi",0,0,Lift serves all floors; accessible bathroom in rooms 101 and 102.,2026-08-18T10:00:00+05:30
hpo_c3550702,htl_bf678135,Suitable for children over 8 only; the property has open stairwells and a plunge pool.,Pets are not permitted.,Extra beds available in suites only.,1381.00,INR,"netbanking,card",1,0,Two steps at the entrance and no lift — not suitable for wheelchair users.,2026-08-18T10:00:00+05:30
hpo_8bc39821,htl_13418139,"Children of all ages welcome. One child under 5 free per room, cot on request.",Small pets under 10kg permitted in ground-floor rooms with prior notice.,"One extra bed per room, chargeable.",1417.00,INR,"wallet,card,upi",1,1,Step-free entry from the car park; one accessible bathroom on the ground floor.,2026-08-18T10:00:00+05:30
hpo_b8261340,htl_5a20d360,"Children of all ages welcome. One child under 5 free per room, cot on request.","Pet friendly throughout, including the restaurant terrace.","One extra bed per room, chargeable.",,,"card,wallet,netbanking,upi",0,1,Lift serves all floors; accessible bathroom in rooms 101 and 102.,2026-08-18T10:00:00+05:30
hpo_4c0d2d7d,htl_b9dc154f,Suitable for children over 8 only; the property has open stairwells and a plunge pool.,Small pets under 10kg permitted in ground-floor rooms with prior notice.,Extra beds available in suites only.,2322.00,INR,"netbanking,wallet",1,1,Step-free entry from the car park; one accessible bathroom on the ground floor.,2026-08-18T10:00:00+05:30
hpo_7e91142d,htl_7bb07d85,Suitable for children over 8 only; the property has open stairwells and a plunge pool.,Pets are not permitted.,Extra beds available in suites only.,1843.00,INR,"card,netbanking,upi",0,1,Two steps at the entrance and no lift — not suitable for wheelchair users.,2026-08-18T10:00:00+05:30
hpo_01cb2422,htl_718f3718,"Children of all ages welcome. One child under 5 free per room, cot on request.",Pets are not permitted.,No extra beds available.,2055.00,INR,"card,upi,wallet",0,1,Step-free entry from the car park; one accessible bathroom on the ground floor.,2026-08-18T10:00:00+05:30
hpo_37403ec2,htl_4aef7a7a,Suitable for children over 8 only; the property has open stairwells and a plunge pool.,Small pets under 10kg permitted in ground-floor rooms with prior notice.,"One extra bed per room, chargeable.",1769.00,INR,"upi,netbanking,wallet",1,0,Step-free entry from the car park; one accessible bathroom on the ground floor.,2026-08-18T10:00:00+05:30
hpo_b534205f,htl_101afcbe,Suitable for children over 8 only; the property has open stairwells and a plunge pool.,"Pet friendly throughout, including the restaurant terrace.",Extra beds available in suites only.,2066.00,INR,"netbanking,card,wallet,upi",0,1,Two steps at the entrance and no lift — not suitable for wheelchair users.,2026-08-18T10:00:00+05:30
hpo_40e4927e,htl_ddccdc31,Suitable for children over 8 only; the property has open stairwells and a plunge pool.,Small pets under 10kg permitted in ground-floor rooms with prior notice.,No extra beds available.,,,"upi,card,wallet",0,0,,2026-08-18T10:00:00+05:30
hpo_b23aeea5,htl_960025d2,"Children of all ages welcome. One child under 5 free per room, cot on request.","Pet friendly throughout, including the restaurant terrace.",No extra beds available.,1804.00,INR,"card,netbanking,wallet,upi",0,1,Two steps at the entrance and no lift — not suitable for wheelchair users.,2026-08-18T10:00:00+05:30
hpo_9b8efec6,htl_c8a743dd,Children under 6 stay free using existing bedding; 6-12 charged at 50% with breakfast.,Small pets under 10kg permitted in ground-floor rooms with prior notice.,Extra beds available in suites only.,,,"card,upi",0,1,Step-free entry from the car park; one accessible bathroom on the ground floor.,2026-08-18T10:00:00+05:30
hpo_0381bdb7,htl_cebc7d14,Children under 6 stay free using existing bedding; 6-12 charged at 50% with breakfast.,"Pet friendly throughout, including the restaurant terrace.","One extra bed per room, chargeable.",2123.00,INR,"card,netbanking,wallet",0,0,Two steps at the entrance and no lift — not suitable for wheelchair users.,2026-08-18T10:00:00+05:30
hpo_c47c08f7,htl_0271c63d,Suitable for children over 8 only; the property has open stairwells and a plunge pool.,"Pet friendly throughout, including the restaurant terrace.","One extra bed per room, chargeable.",2581.00,INR,"card,wallet,netbanking",0,0,,2026-08-18T10:00:00+05:30
hpo_c3a6c16c,htl_90bb6e48,Children under 6 stay free using existing bedding; 6-12 charged at 50% with breakfast.,Small pets under 10kg permitted in ground-floor rooms with prior notice.,No extra beds available.,1732.00,INR,"card,wallet",0,1,Lift serves all floors; accessible bathroom in rooms 101 and 102.,2026-08-18T10:00:00+05:30
hpo_940237ea,htl_871f7548,Children under 6 stay free using existing bedding; 6-12 charged at 50% with breakfast.,Pets are not permitted.,Extra beds available in suites only.,1125.00,INR,"card,netbanking,wallet",0,0,,2026-08-18T10:00:00+05:30
hpo_ab7e7d20,htl_fd99a5e3,"Children of all ages welcome. One child under 5 free per room, cot on request.","Pet friendly throughout, including the restaurant terrace.",No extra beds available.,770.00,INR,"netbanking,card",1,1,Step-free entry from the car park; one accessible bathroom on the ground floor.,2026-08-18T10:00:00+05:30
hpo_50a1c43c,htl_02220bb1,"Children of all ages welcome. One child under 5 free per room, cot on request.",Small pets under 10kg permitted in ground-floor rooms with prior notice.,No extra beds available.,,,"netbanking,wallet",1,1,Step-free entry from the car park; one accessible bathroom on the ground floor.,2026-08-18T10:00:00+05:30
hpo_6031767f,htl_068a2e31,"Children of all ages welcome. One child under 5 free per room, cot on request.","Pet friendly throughout, including the restaurant terrace.","One extra bed per room, chargeable.",2325.00,INR,"wallet,card,netbanking,upi",0,1,Two steps at the entrance and no lift — not suitable for wheelchair users.,2026-08-18T10:00:00+05:30
hpo_cd166c62,htl_8dd76814,"Children of all ages welcome. One child under 5 free per room, cot on request.","Pet friendly throughout, including the restaurant terrace.",No extra beds available.,2143.00,INR,"upi,netbanking,card",1,0,Lift serves all floors; accessible bathroom in rooms 101 and 102.,2026-08-18T10:00:00+05:30
hpo_17240a14,htl_ea1d6629,Children under 6 stay free using existing bedding; 6-12 charged at 50% with breakfast.,"Pet friendly throughout, including the restaurant terrace.",No extra beds available.,486.00,INR,"wallet,upi",1,0,Two steps at the entrance and no lift — not suitable for wheelchair users.,2026-08-18T10:00:00+05:30
hpo_abd085cd,htl_8f2c9fd3,Suitable for children over 8 only; the property has open stairwells and a plunge pool.,Small pets under 10kg permitted in ground-floor rooms with prior notice.,"One extra bed per room, chargeable.",,,"card,wallet,netbanking,upi",1,1,,2026-08-18T10:00:00+05:30
hpo_3647fd1c,htl_25648fce,Suitable for children over 8 only; the property has open stairwells and a plunge pool.,"Pet friendly throughout, including the restaurant terrace.","One extra bed per room, chargeable.",2439.00,INR,"wallet,upi,card,netbanking",1,0,Lift serves all floors; accessible bathroom in rooms 101 and 102.,2026-08-18T10:00:00+05:30
hpo_9793813f,htl_2755e47d,Children under 6 stay free using existing bedding; 6-12 charged at 50% with breakfast.,"Pet friendly throughout, including the restaurant terrace.",No extra beds available.,828.00,INR,"upi,card,netbanking,wallet",0,1,Two steps at the entrance and no lift — not suitable for wheelchair users.,2026-08-18T10:00:00+05:30
hpo_09baf7dd,htl_84019428,Suitable for children over 8 only; the property has open stairwells and a plunge pool.,Pets are not permitted.,No extra beds available.,1043.00,INR,"card,netbanking",1,1,Two steps at the entrance and no lift — not suitable for wheelchair users.,2026-08-18T10:00:00+05:30
hpo_ce7bfa8c,htl_4e72ba4d,Suitable for children over 8 only; the property has open stairwells and a plunge pool.,"Pet friendly throughout, including the restaurant terrace.",No extra beds available.,2585.00,INR,"card,netbanking,upi,wallet",0,1,Lift serves all floors; accessible bathroom in rooms 101 and 102.,2026-08-18T10:00:00+05:30
hpo_3000c0b1,htl_a47cd4c7,"Children of all ages welcome. One child under 5 free per room, cot on request.",Small pets under 10kg permitted in ground-floor rooms with prior notice.,"One extra bed per room, chargeable.",,,"netbanking,wallet,upi,card",1,0,Two steps at the entrance and no lift — not suitable for wheelchair users.,2026-08-18T10:00:00+05:30
hpo_0b462768,htl_48fec9af,Children under 6 stay free using existing bedding; 6-12 charged at 50% with breakfast.,"Pet friendly throughout, including the restaurant terrace.","One extra bed per room, chargeable.",1506.00,INR,"upi,netbanking,card",0,1,,2026-08-18T10:00:00+05:30
hpo_4bd5ea85,htl_b36fd517,Suitable for children over 8 only; the property has open stairwells and a plunge pool.,Pets are not permitted.,Extra beds available in suites only.,1019.00,INR,"wallet,upi,card",1,1,Lift serves all floors; accessible bathroom in rooms 101 and 102.,2026-08-18T10:00:00+05:30
hpo_f75aea05,htl_298b4ec1,Suitable for children over 8 only; the property has open stairwells and a plunge pool.,Small pets under 10kg permitted in ground-floor rooms with prior notice.,"One extra bed per room, chargeable.",1891.00,INR,"upi,card,wallet,netbanking",0,1,Step-free entry from the car park; one accessible bathroom on the ground floor.,2026-08-18T10:00:00+05:30
hpo_95b6d07d,htl_d205a5e4,Children under 6 stay free using existing bedding; 6-12 charged at 50% with breakfast.,"Pet friendly throughout, including the restaurant terrace.","One extra bed per room, chargeable.",1754.00,INR,"upi,netbanking",1,1,Step-free entry from the car park; one accessible bathroom on the ground floor.,2026-08-18T10:00:00+05:30
hpo_f9284ab4,htl_c0de65d4,Children under 6 stay free using existing bedding; 6-12 charged at 50% with breakfast.,"Pet friendly throughout, including the restaurant terrace.",Extra beds available in suites only.,2218.00,INR,"card,upi",0,0,Step-free entry from the car park; one accessible bathroom on the ground floor.,2026-08-18T10:00:00+05:30
hpo_511d7466,htl_dc149b42,Suitable for children over 8 only; the property has open stairwells and a plunge pool.,Pets are not permitted.,"One extra bed per room, chargeable.",,,"upi,netbanking",1,1,,2026-08-18T10:00:00+05:30
hpo_f183d67f,htl_4d461be6,"Children of all ages welcome. One child under 5 free per room, cot on request.",Pets are not permitted.,"One extra bed per room, chargeable.",2501.00,INR,"upi,card,wallet",1,1,Step-free entry from the car park; one accessible bathroom on the ground floor.,2026-08-18T10:00:00+05:30
hpo_5dfdbaf0,htl_273028a1,"Children of all ages welcome. One child under 5 free per room, cot on request.",Pets are not permitted.,"One extra bed per room, chargeable.",2119.00,INR,"card,wallet,netbanking",0,0,Step-free entry from the car park; one accessible bathroom on the ground floor.,2026-08-18T10:00:00+05:30
hpo_d6ef5afd,htl_30653890,"Children of all ages welcome. One child under 5 free per room, cot on request.",Pets are not permitted.,Extra beds available in suites only.,,,"card,netbanking",0,0,,2026-08-18T10:00:00+05:30
hpo_df14411c,htl_bfce4849,Suitable for children over 8 only; the property has open stairwells and a plunge pool.,"Pet friendly throughout, including the restaurant terrace.",No extra beds available.,,,"wallet,netbanking",1,0,Two steps at the entrance and no lift — not suitable for wheelchair users.,2026-08-18T10:00:00+05:30
hpo_10d48965,htl_bf31f384,Children under 6 stay free using existing bedding; 6-12 charged at 50% with breakfast.,Small pets under 10kg permitted in ground-floor rooms with prior notice.,Extra beds available in suites only.,1591.00,INR,"wallet,card",1,0,Two steps at the entrance and no lift — not suitable for wheelchair users.,2026-08-18T10:00:00+05:30
hpo_56c7a998,htl_48b38cd2,Children under 6 stay free using existing bedding; 6-12 charged at 50% with breakfast.,Pets are not permitted.,No extra beds available.,,,"netbanking,wallet,card,upi",1,0,Lift serves all floors; accessible bathroom in rooms 101 and 102.,2026-08-18T10:00:00+05:30
hpo_763935f4,htl_9591edb5,Suitable for children over 8 only; the property has open stairwells and a plunge pool.,"Pet friendly throughout, including the restaurant terrace.",Extra beds available in suites only.,1649.00,INR,"card,wallet,netbanking,upi",1,1,Two steps at the entrance and no lift — not suitable for wheelchair users.,2026-08-18T10:00:00+05:30
hpo_7d6278b2,htl_44f1ae8b,Suitable for children over 8 only; the property has open stairwells and a plunge pool.,"Pet friendly throughout, including the restaurant terrace.",No extra beds available.,1331.00,INR,"card,wallet,netbanking,upi",0,1,Step-free entry from the car park; one accessible bathroom on the ground floor.,2026-08-18T10:00:00+05:30
hpo_0d4b5870,htl_01cc0635,Children under 6 stay free using existing bedding; 6-12 charged at 50% with breakfast.,Pets are not permitted.,"One extra bed per room, chargeable.",,,"card,upi",0,1,,2026-08-18T10:00:00+05:30
hpo_451c689b,htl_14e0ebdc,"Children of all ages welcome. One child under 5 free per room, cot on request.",Pets are not permitted.,"One extra bed per room, chargeable.",748.00,INR,"wallet,netbanking,upi",0,1,,2026-08-18T10:00:00+05:30
hpo_2d734312,htl_b24e5527,Children under 6 stay free using existing bedding; 6-12 charged at 50% with breakfast.,"Pet friendly throughout, including the restaurant terrace.",No extra beds available.,,,"card,wallet,upi",0,0,,2026-08-18T10:00:00+05:30
hpo_875525c3,htl_33999106,"Children of all ages welcome. One child under 5 free per room, cot on request.","Pet friendly throughout, including the restaurant terrace.",No extra beds available.,,,"wallet,netbanking,card,upi",0,1,Two steps at the entrance and no lift — not suitable for wheelchair users.,2026-08-18T10:00:00+05:30
hpo_8476a0b5,htl_0a785439,"Children of all ages welcome. One child under 5 free per room, cot on request.","Pet friendly throughout, including the restaurant terrace.",Extra beds available in suites only.,,,"wallet,netbanking,upi,card",0,1,Step-free entry from the car park; one accessible bathroom on the ground floor.,2026-08-18T10:00:00+05:30
hpo_935787fd,htl_b3c102fc,Suitable for children over 8 only; the property has open stairwells and a plunge pool.,"Pet friendly throughout, including the restaurant terrace.","One extra bed per room, chargeable.",2456.00,INR,"upi,wallet,netbanking,card",1,1,Lift serves all floors; accessible bathroom in rooms 101 and 102.,2026-08-18T10:00:00+05:30
hpo_5fce9ae6,htl_76cb1dd1,Suitable for children over 8 only; the property has open stairwells and a plunge pool.,"Pet friendly throughout, including the restaurant terrace.",Extra beds available in suites only.,2476.00,INR,"netbanking,card,wallet,upi",0,0,Step-free entry from the car park; one accessible bathroom on the ground floor.,2026-08-18T10:00:00+05:30
hpo_4bf2c830,htl_dfe97fda,"Children of all ages welcome. One child under 5 free per room, cot on request.",Small pets under 10kg permitted in ground-floor rooms with prior notice.,Extra beds available in suites only.,1512.00,INR,"card,wallet,netbanking",0,0,,2026-08-18T10:00:00+05:30
hpo_100a06de,htl_245a6528,Children under 6 stay free using existing bedding; 6-12 charged at 50% with breakfast.,Pets are not permitted.,Extra beds available in suites only.,2173.00,INR,"card,upi,wallet,netbanking",0,1,,2026-08-18T10:00:00+05:30
hpo_f0c1a5eb,htl_79d42624,Children under 6 stay free using existing bedding; 6-12 charged at 50% with breakfast.,"Pet friendly throughout, including the restaurant terrace.",Extra beds available in suites only.,1870.00,INR,"card,netbanking,wallet",0,0,,2026-08-18T10:00:00+05:30
hpo_fb294e48,htl_764cb54e,Children under 6 stay free using existing bedding; 6-12 charged at 50% with breakfast.,Small pets under 10kg permitted in ground-floor rooms with prior notice.,Extra beds available in suites only.,1942.00,INR,"netbanking,wallet",1,0,,2026-08-18T10:00:00+05:30
hpo_8c6301f9,htl_abb24469,Children under 6 stay free using existing bedding; 6-12 charged at 50% with breakfast.,Small pets under 10kg permitted in ground-floor rooms with prior notice.,"One extra bed per room, chargeable.",735.00,INR,"upi,netbanking,wallet,card",0,1,Lift serves all floors; accessible bathroom in rooms 101 and 102.,2026-08-18T10:00:00+05:30
hpo_0ba887d1,htl_02acd495,"Children of all ages welcome. One child under 5 free per room, cot on request.",Small pets under 10kg permitted in ground-floor rooms with prior notice.,Extra beds available in suites only.,428.00,INR,"wallet,netbanking,upi",0,0,Lift serves all floors; accessible bathroom in rooms 101 and 102.,2026-08-18T10:00:00+05:30
hpo_4c511097,htl_47d978bd,Suitable for children over 8 only; the property has open stairwells and a plunge pool.,Small pets under 10kg permitted in ground-floor rooms with prior notice.,Extra beds available in suites only.,711.00,INR,"upi,netbanking",0,1,Step-free entry from the car park; one accessible bathroom on the ground floor.,2026-08-18T10:00:00+05:30
hpo_a2363513,htl_3ae2dcdc,"Children of all ages welcome. One child under 5 free per room, cot on request.","Pet friendly throughout, including the restaurant terrace.",Extra beds available in suites only.,2181.00,INR,"upi,card",0,1,,2026-08-18T10:00:00+05:30
hpo_720159ae,htl_e2de8e67,Children under 6 stay free using existing bedding; 6-12 charged at 50% with breakfast.,Small pets under 10kg permitted in ground-floor rooms with prior notice.,"One extra bed per room, chargeable.",604.00,INR,"upi,card",0,0,Step-free entry from the car park; one accessible bathroom on the ground floor.,2026-08-18T10:00:00+05:30
hpo_224e40f5,htl_bae73dee,Suitable for children over 8 only; the property has open stairwells and a plunge pool.,Pets are not permitted.,No extra beds available.,1034.00,INR,"netbanking,wallet,card,upi",1,0,Lift serves all floors; accessible bathroom in rooms 101 and 102.,2026-08-18T10:00:00+05:30
hpo_594bf985,htl_f240ca58,Children under 6 stay free using existing bedding; 6-12 charged at 50% with breakfast.,"Pet friendly throughout, including the restaurant terrace.",No extra beds available.,,,"card,netbanking,wallet",1,0,Step-free entry from the car park; one accessible bathroom on the ground floor.,2026-08-18T10:00:00+05:30
hpo_c67ed207,htl_8355f0e8,Children under 6 stay free using existing bedding; 6-12 charged at 50% with breakfast.,Pets are not permitted.,"One extra bed per room, chargeable.",,,"upi,netbanking,card",1,1,Step-free entry from the car park; one accessible bathroom on the ground floor.,2026-08-18T10:00:00+05:30
hpo_83dbba9c,htl_56eca5af,"Children of all ages welcome. One child under 5 free per room, cot on request.","Pet friendly throughout, including the restaurant terrace.","One extra bed per room, chargeable.",,,"upi,wallet",0,1,Lift serves all floors; accessible bathroom in rooms 101 and 102.,2026-08-18T10:00:00+05:30
hpo_2beb1bdc,htl_436b30f2,Suitable for children over 8 only; the property has open stairwells and a plunge pool.,"Pet friendly throughout, including the restaurant terrace.",No extra beds available.,,,"upi,wallet,card",0,0,Two steps at the entrance and no lift — not suitable for wheelchair users.,2026-08-18T10:00:00+05:30
hpo_d196d162,htl_856e726b,Suitable for children over 8 only; the property has open stairwells and a plunge pool.,Pets are not permitted.,No extra beds available.,790.00,INR,"upi,wallet,netbanking,card",0,0,,2026-08-18T10:00:00+05:30
hpo_da101e9e,htl_8af8dc5e,"Children of all ages welcome. One child under 5 free per room, cot on request.","Pet friendly throughout, including the restaurant terrace.","One extra bed per room, chargeable.",2445.00,INR,"wallet,netbanking,upi,card",1,0,Lift serves all floors; accessible bathroom in rooms 101 and 102.,2026-08-18T10:00:00+05:30
hpo_8515236c,htl_a4e3bbe6,"Children of all ages welcome. One child under 5 free per room, cot on request.",Small pets under 10kg permitted in ground-floor rooms with prior notice.,"One extra bed per room, chargeable.",2520.00,INR,"wallet,netbanking,upi,card",1,1,Step-free entry from the car park; one accessible bathroom on the ground floor.,2026-08-18T10:00:00+05:30
hpo_2e6c2170,htl_601e876f,"Children of all ages welcome. One child under 5 free per room, cot on request.",Pets are not permitted.,No extra beds available.,2273.00,INR,"netbanking,wallet,card",0,0,Lift serves all floors; accessible bathroom in rooms 101 and 102.,2026-08-18T10:00:00+05:30
hpo_8230e3e0,htl_4374ecd9,Children under 6 stay free using existing bedding; 6-12 charged at 50% with breakfast.,Pets are not permitted.,No extra beds available.,1942.00,INR,"netbanking,upi,wallet",1,1,Two steps at the entrance and no lift — not suitable for wheelchair users.,2026-08-18T10:00:00+05:30
hpo_4e443f0d,htl_33ef8894,"Children of all ages welcome. One child under 5 free per room, cot on request.",Small pets under 10kg permitted in ground-floor rooms with prior notice.,"One extra bed per room, chargeable.",2400.00,INR,"card,wallet",0,0,,2026-08-18T10:00:00+05:30
hpo_d6b4357f,htl_2cbf2c51,Suitable for children over 8 only; the property has open stairwells and a plunge pool.,Pets are not permitted.,Extra beds available in suites only.,,,"netbanking,wallet,card",0,1,Lift serves all floors; accessible bathroom in rooms 101 and 102.,2026-08-18T10:00:00+05:30
hpo_7b4ebda8,htl_134fd9ab,Suitable for children over 8 only; the property has open stairwells and a plunge pool.,Small pets under 10kg permitted in ground-floor rooms with prior notice.,Extra beds available in suites only.,,,"card,netbanking,wallet",0,1,Two steps at the entrance and no lift — not suitable for wheelchair users.,2026-08-18T10:00:00+05:30
hpo_88a0639b,htl_33095d0f,Children under 6 stay free using existing bedding; 6-12 charged at 50% with breakfast.,Pets are not permitted.,Extra beds available in suites only.,595.00,INR,"upi,card,wallet",1,0,Two steps at the entrance and no lift — not suitable for wheelchair users.,2026-08-18T10:00:00+05:30
hpo_e05edf8a,htl_6cf4a14b,"Children of all ages welcome. One child under 5 free per room, cot on request.",Pets are not permitted.,No extra beds available.,,,"card,netbanking,upi,wallet",0,1,Lift serves all floors; accessible bathroom in rooms 101 and 102.,2026-08-18T10:00:00+05:30
hpo_1e0c6c02,htl_c5416060,Suitable for children over 8 only; the property has open stairwells and a plunge pool.,Small pets under 10kg permitted in ground-floor rooms with prior notice.,"One extra bed per room, chargeable.",546.00,INR,"wallet,upi,netbanking,card",0,1,Two steps at the entrance and no lift — not suitable for wheelchair users.,2026-08-18T10:00:00+05:30
hpo_3434cb7e,htl_886263e9,Suitable for children over 8 only; the property has open stairwells and a plunge pool.,Pets are not permitted.,"One extra bed per room, chargeable.",,,"wallet,netbanking,upi,card",0,1,Lift serves all floors; accessible bathroom in rooms 101 and 102.,2026-08-18T10:00:00+05:30
hpo_292ff773,htl_29ab8d35,Suitable for children over 8 only; the property has open stairwells and a plunge pool.,"Pet friendly throughout, including the restaurant terrace.",Extra beds available in suites only.,,,"wallet,netbanking,upi",1,1,Lift serves all floors; accessible bathroom in rooms 101 and 102.,2026-08-18T10:00:00+05:30
hpo_8387c28d,htl_2794421e,Children under 6 stay free using existing bedding; 6-12 charged at 50% with breakfast.,Small pets under 10kg permitted in ground-floor rooms with prior notice.,"One extra bed per room, chargeable.",1463.00,INR,"wallet,upi",1,0,,2026-08-18T10:00:00+05:30
hpo_c852fe29,htl_c1021bb3,"Children of all ages welcome. One child under 5 free per room, cot on request.","Pet friendly throughout, including the restaurant terrace.","One extra bed per room, chargeable.",1622.00,INR,"upi,card,wallet,netbanking",1,0,Step-free entry from the car park; one accessible bathroom on the ground floor.,2026-08-18T10:00:00+05:30
hpo_000cd4d8,htl_f8bfa434,Suitable for children over 8 only; the property has open stairwells and a plunge pool.,Pets are not permitted.,No extra beds available.,,,"wallet,netbanking",0,1,Step-free entry from the car park; one accessible bathroom on the ground floor.,2026-08-18T10:00:00+05:30
hpo_ba205913,htl_a8390357,Suitable for children over 8 only; the property has open stairwells and a plunge pool.,Pets are not permitted.,"One extra bed per room, chargeable.",,,"upi,netbanking,card,wallet",0,1,Two steps at the entrance and no lift — not suitable for wheelchair users.,2026-08-18T10:00:00+05:30
hpo_067cd303,htl_c3b644f4,"Children of all ages welcome. One child under 5 free per room, cot on request.",Pets are not permitted.,"One extra bed per room, chargeable.",,,"upi,card",0,1,,2026-08-18T10:00:00+05:30
hpo_0f7a37b4,htl_eb7ff223,"Children of all ages welcome. One child under 5 free per room, cot on request.",Pets are not permitted.,No extra beds available.,696.00,INR,"upi,card,wallet",0,0,,2026-08-18T10:00:00+05:30
hpo_58cf248b,htl_8d39efd7,"Children of all ages welcome. One child under 5 free per room, cot on request.","Pet friendly throughout, including the restaurant terrace.",No extra beds available.,1444.00,INR,"wallet,upi,netbanking,card",0,0,Step-free entry from the car park; one accessible bathroom on the ground floor.,2026-08-18T10:00:00+05:30
hpo_8b0070ab,htl_7c198d6d,Suitable for children over 8 only; the property has open stairwells and a plunge pool.,"Pet friendly throughout, including the restaurant terrace.",Extra beds available in suites only.,739.00,INR,"upi,card",0,1,,2026-08-18T10:00:00+05:30
hpo_f5705e8a,htl_66ddcad3,Suitable for children over 8 only; the property has open stairwells and a plunge pool.,Pets are not permitted.,Extra beds available in suites only.,,,"wallet,card",1,0,Step-free entry from the car park; one accessible bathroom on the ground floor.,2026-08-18T10:00:00+05:30
hpo_c2eea53e,htl_15d2dc78,Children under 6 stay free using existing bedding; 6-12 charged at 50% with breakfast.,Pets are not permitted.,Extra beds available in suites only.,730.00,INR,"wallet,netbanking,upi,card",1,1,Two steps at the entrance and no lift — not suitable for wheelchair users.,2026-08-18T10:00:00+05:30
hpo_bf25db0e,htl_5204cc3f,"Children of all ages welcome. One child under 5 free per room, cot on request.","Pet friendly throughout, including the restaurant terrace.","One extra bed per room, chargeable.",2519.00,INR,"netbanking,wallet,upi,card",0,1,Step-free entry from the car park; one accessible bathroom on the ground floor.,2026-08-18T10:00:00+05:30
hpo_ef8e3e67,htl_9ce8d068,Suitable for children over 8 only; the property has open stairwells and a plunge pool.,"Pet friendly throughout, including the restaurant terrace.",No extra beds available.,,,"card,upi,netbanking",0,0,,2026-08-18T10:00:00+05:30
hpo_5335b7e8,htl_f7f9a831,Suitable for children over 8 only; the property has open stairwells and a plunge pool.,"Pet friendly throughout, including the restaurant terrace.",No extra beds available.,2160.00,INR,"upi,netbanking,card,wallet",1,0,Step-free entry from the car park; one accessible bathroom on the ground floor.,2026-08-18T10:00:00+05:30
hpo_c40fcc92,htl_02bb587c,Children under 6 stay free using existing bedding; 6-12 charged at 50% with breakfast.,Pets are not permitted.,"One extra bed per room, chargeable.",505.00,INR,"card,upi,wallet",1,0,Step-free entry from the car park; one accessible bathroom on the ground floor.,2026-08-18T10:00:00+05:30
hpo_12ff741c,htl_fe5eb48a,Suitable for children over 8 only; the property has open stairwells and a plunge pool.,Pets are not permitted.,Extra beds available in suites only.,1257.00,LKR,"wallet,upi,card",0,1,,2026-08-18T10:00:00+05:30
hpo_05ca84cd,htl_0c78227f,"Children of all ages welcome. One child under 5 free per room, cot on request.",Small pets under 10kg permitted in ground-floor rooms with prior notice.,Extra beds available in suites only.,,,"card,netbanking,wallet",0,1,Lift serves all floors; accessible bathroom in rooms 101 and 102.,2026-08-18T10:00:00+05:30
hpo_76a9c9f3,htl_81469f7e,"Children of all ages welcome. One child under 5 free per room, cot on request.",Pets are not permitted.,Extra beds available in suites only.,810.00,LKR,"wallet,upi,card",0,1,Lift serves all floors; accessible bathroom in rooms 101 and 102.,2026-08-18T10:00:00+05:30
hpo_ed39ddc9,htl_4ad0f6f7,Suitable for children over 8 only; the property has open stairwells and a plunge pool.,Small pets under 10kg permitted in ground-floor rooms with prior notice.,Extra beds available in suites only.,1398.00,LKR,"netbanking,wallet,card,upi",0,0,Lift serves all floors; accessible bathroom in rooms 101 and 102.,2026-08-18T10:00:00+05:30
hpo_fe7bbd63,htl_926da217,"Children of all ages welcome. One child under 5 free per room, cot on request.","Pet friendly throughout, including the restaurant terrace.",Extra beds available in suites only.,1070.00,LKR,"wallet,upi,card",0,0,Step-free entry from the car park; one accessible bathroom on the ground floor.,2026-08-18T10:00:00+05:30
hpo_4f295ba8,htl_5e432970,"Children of all ages welcome. One child under 5 free per room, cot on request.",Pets are not permitted.,"One extra bed per room, chargeable.",,,"wallet,netbanking,upi,card",1,1,Step-free entry from the car park; one accessible bathroom on the ground floor.,2026-08-18T10:00:00+05:30
hpo_38756c6d,htl_c8c81865,Suitable for children over 8 only; the property has open stairwells and a plunge pool.,Small pets under 10kg permitted in ground-floor rooms with prior notice.,Extra beds available in suites only.,1221.00,LKR,"card,netbanking,wallet",0,1,Two steps at the entrance and no lift — not suitable for wheelchair users.,2026-08-18T10:00:00+05:30
hpo_d4fabbed,htl_742928a2,"Children of all ages welcome. One child under 5 free per room, cot on request.",Small pets under 10kg permitted in ground-floor rooms with prior notice.,Extra beds available in suites only.,1861.00,LKR,"upi,card,wallet",1,1,Lift serves all floors; accessible bathroom in rooms 101 and 102.,2026-08-18T10:00:00+05:30
hpo_6f218f67,htl_472830e6,Suitable for children over 8 only; the property has open stairwells and a plunge pool.,Small pets under 10kg permitted in ground-floor rooms with prior notice.,"One extra bed per room, chargeable.",1744.00,LKR,"card,netbanking",1,1,Lift serves all floors; accessible bathroom in rooms 101 and 102.,2026-08-18T10:00:00+05:30
hpo_6200dc1a,htl_de3e4a9f,Children under 6 stay free using existing bedding; 6-12 charged at 50% with breakfast.,Pets are not permitted.,"One extra bed per room, chargeable.",1681.00,LKR,"upi,netbanking",0,0,,2026-08-18T10:00:00+05:30
hpo_03a53d05,htl_bd6ac349,Children under 6 stay free using existing bedding; 6-12 charged at 50% with breakfast.,"Pet friendly throughout, including the restaurant terrace.",Extra beds available in suites only.,1338.00,NPR,"netbanking,wallet,card",0,0,Step-free entry from the car park; one accessible bathroom on the ground floor.,2026-08-18T10:00:00+05:30
hpo_3296ceaa,htl_b88b0c27,Children under 6 stay free using existing bedding; 6-12 charged at 50% with breakfast.,Pets are not permitted.,"One extra bed per room, chargeable.",1060.00,NPR,"netbanking,wallet",1,0,,2026-08-18T10:00:00+05:30
hpo_7aa430ec,htl_26fee559,"Children of all ages welcome. One child under 5 free per room, cot on request.",Pets are not permitted.,No extra beds available.,1893.00,NPR,"upi,card,netbanking,wallet",1,0,,2026-08-18T10:00:00+05:30
hpo_2914bd60,htl_c8756032,"Children of all ages welcome. One child under 5 free per room, cot on request.","Pet friendly throughout, including the restaurant terrace.",Extra beds available in suites only.,,,"wallet,netbanking",0,1,Two steps at the entrance and no lift — not suitable for wheelchair users.,2026-08-18T10:00:00+05:30
hpo_597a1d20,htl_fa8543cb,"Children of all ages welcome. One child under 5 free per room, cot on request.",Small pets under 10kg permitted in ground-floor rooms with prior notice.,"One extra bed per room, chargeable.",919.00,NPR,"netbanking,wallet,card",0,0,Two steps at the entrance and no lift — not suitable for wheelchair users.,2026-08-18T10:00:00+05:30
hpo_b7222ca5,htl_285912dc,"Children of all ages welcome. One child under 5 free per room, cot on request.",Small pets under 10kg permitted in ground-floor rooms with prior notice.,Extra beds available in suites only.,1189.00,NPR,"wallet,netbanking,upi",0,0,,2026-08-18T10:00:00+05:30
hpo_98288f12,htl_24e39565,Children under 6 stay free using existing bedding; 6-12 charged at 50% with breakfast.,Pets are not permitted.,Extra beds available in suites only.,2439.00,NPR,"wallet,upi,netbanking",0,1,Lift serves all floors; accessible bathroom in rooms 101 and 102.,2026-08-18T10:00:00+05:30
hpo_11bff6f3,htl_be3b648f,Suitable for children over 8 only; the property has open stairwells and a plunge pool.,Pets are not permitted.,Extra beds available in suites only.,,,"upi,netbanking",0,1,Lift serves all floors; accessible bathroom in rooms 101 and 102.,2026-08-18T10:00:00+05:30
hpo_01d989e4,htl_67190be7,"Children of all ages welcome. One child under 5 free per room, cot on request.",Small pets under 10kg permitted in ground-floor rooms with prior notice.,No extra beds available.,2119.00,NPR,"card,upi",0,1,Lift serves all floors; accessible bathroom in rooms 101 and 102.,2026-08-18T10:00:00+05:30
hpo_709a3c5c,htl_afcb3490,Suitable for children over 8 only; the property has open stairwells and a plunge pool.,"Pet friendly throughout, including the restaurant terrace.",Extra beds available in suites only.,1122.00,NPR,"wallet,upi",0,1,Two steps at the entrance and no lift — not suitable for wheelchair users.,2026-08-18T10:00:00+05:30
hpo_5d31e9f2,htl_c91a804e,Children under 6 stay free using existing bedding; 6-12 charged at 50% with breakfast.,Small pets under 10kg permitted in ground-floor rooms with prior notice.,Extra beds available in suites only.,,,"wallet,netbanking,upi",1,1,Lift serves all floors; accessible bathroom in rooms 101 and 102.,2026-08-18T10:00:00+05:30
hpo_ecba563f,htl_6eff866f,Children under 6 stay free using existing bedding; 6-12 charged at 50% with breakfast.,Small pets under 10kg permitted in ground-floor rooms with prior notice.,Extra beds available in suites only.,,,"netbanking,wallet,card,upi",0,1,Two steps at the entrance and no lift — not suitable for wheelchair users.,2026-08-18T10:00:00+05:30
hpo_b75f7406,htl_81c1c288,Suitable for children over 8 only; the property has open stairwells and a plunge pool.,"Pet friendly throughout, including the restaurant terrace.","One extra bed per room, chargeable.",662.00,BTN,"netbanking,card,wallet,upi",1,0,Step-free entry from the car park; one accessible bathroom on the ground floor.,2026-08-18T10:00:00+05:30
hpo_bfce096e,htl_d73d2dd8,Suitable for children over 8 only; the property has open stairwells and a plunge pool.,"Pet friendly throughout, including the restaurant terrace.","One extra bed per room, chargeable.",1262.00,BTN,"wallet,card,upi",0,0,,2026-08-18T10:00:00+05:30
hpo_db34fe70,htl_25fd9c00,Suitable for children over 8 only; the property has open stairwells and a plunge pool.,Small pets under 10kg permitted in ground-floor rooms with prior notice.,Extra beds available in suites only.,1880.00,BTN,"wallet,netbanking",0,1,,2026-08-18T10:00:00+05:30
hpo_debafe66,htl_15b1ea5e,Suitable for children over 8 only; the property has open stairwells and a plunge pool.,"Pet friendly throughout, including the restaurant terrace.",Extra beds available in suites only.,2570.00,MVR,"wallet,netbanking",0,0,Lift serves all floors; accessible bathroom in rooms 101 and 102.,2026-08-18T10:00:00+05:30
hpo_0553b2ab,htl_2a2ca88d,Suitable for children over 8 only; the property has open stairwells and a plunge pool.,Small pets under 10kg permitted in ground-floor rooms with prior notice.,No extra beds available.,1773.00,MVR,"netbanking,wallet",0,1,Two steps at the entrance and no lift — not suitable for wheelchair users.,2026-08-18T10:00:00+05:30
hpo_afb51707,htl_98896cce,Children under 6 stay free using existing bedding; 6-12 charged at 50% with breakfast.,Small pets under 10kg permitted in ground-floor rooms with prior notice.,"One extra bed per room, chargeable.",,,"wallet,card,netbanking,upi",1,1,,2026-08-18T10:00:00+05:30
hpo_f86c386b,htl_a143dbb9,"Children of all ages welcome. One child under 5 free per room, cot on request.","Pet friendly throughout, including the restaurant terrace.",No extra beds available.,1209.00,MVR,"card,netbanking,upi,wallet",1,1,,2026-08-18T10:00:00+05:30
hpo_2ce59359,htl_0cf91d4d,"Children of all ages welcome. One child under 5 free per room, cot on request.",Small pets under 10kg permitted in ground-floor rooms with prior notice.,"One extra bed per room, chargeable.",1813.00,MVR,"upi,card",0,1,Two steps at the entrance and no lift — not suitable for wheelchair users.,2026-08-18T10:00:00+05:30
hpo_441db7f6,htl_12e2327a,Suitable for children over 8 only; the property has open stairwells and a plunge pool.,"Pet friendly throughout, including the restaurant terrace.",Extra beds available in suites only.,1083.00,AED,"netbanking,wallet,upi",0,0,Two steps at the entrance and no lift — not suitable for wheelchair users.,2026-08-18T10:00:00+05:30
hpo_6f046675,htl_a26dc64e,Suitable for children over 8 only; the property has open stairwells and a plunge pool.,Pets are not permitted.,Extra beds available in suites only.,1545.00,AED,"wallet,upi,card",1,1,Lift serves all floors; accessible bathroom in rooms 101 and 102.,2026-08-18T10:00:00+05:30
hpo_6d309774,htl_17ac7c07,Suitable for children over 8 only; the property has open stairwells and a plunge pool.,Pets are not permitted.,No extra beds available.,934.00,AED,"card,netbanking",0,1,Step-free entry from the car park; one accessible bathroom on the ground floor.,2026-08-18T10:00:00+05:30
hpo_fbc6612b,htl_f9f0bde3,"Children of all ages welcome. One child under 5 free per room, cot on request.","Pet friendly throughout, including the restaurant terrace.",No extra beds available.,2256.00,AED,"upi,wallet,netbanking,card",0,1,Step-free entry from the car park; one accessible bathroom on the ground floor.,2026-08-18T10:00:00+05:30
hpo_04f56184,htl_abfe8a53,Suitable for children over 8 only; the property has open stairwells and a plunge pool.,Small pets under 10kg permitted in ground-floor rooms with prior notice.,"One extra bed per room, chargeable.",,,"wallet,card,netbanking",1,0,,2026-08-18T10:00:00+05:30
hpo_a60e58b7,htl_29faa3d7,"Children of all ages welcome. One child under 5 free per room, cot on request.","Pet friendly throughout, including the restaurant terrace.","One extra bed per room, chargeable.",2040.00,AED,"card,upi",0,1,Two steps at the entrance and no lift — not suitable for wheelchair users.,2026-08-18T10:00:00+05:30
hpo_20aacfba,htl_19193f4f,"Children of all ages welcome. One child under 5 free per room, cot on request.",Pets are not permitted.,Extra beds available in suites only.,,,"card,upi,wallet",1,1,Lift serves all floors; accessible bathroom in rooms 101 and 102.,2026-08-18T10:00:00+05:30
hpo_3e578227,htl_885db404,Children under 6 stay free using existing bedding; 6-12 charged at 50% with breakfast.,"Pet friendly throughout, including the restaurant terrace.",No extra beds available.,1919.00,AED,"wallet,netbanking",1,1,Two steps at the entrance and no lift — not suitable for wheelchair users.,2026-08-18T10:00:00+05:30
hpo_9ade80ff,htl_58292b84,"Children of all ages welcome. One child under 5 free per room, cot on request.","Pet friendly throughout, including the restaurant terrace.",Extra beds available in suites only.,1465.00,AED,"upi,card,netbanking,wallet",1,0,Two steps at the entrance and no lift — not suitable for wheelchair users.,2026-08-18T10:00:00+05:30
hpo_71c65fba,htl_ace6d341,Children under 6 stay free using existing bedding; 6-12 charged at 50% with breakfast.,Small pets under 10kg permitted in ground-floor rooms with prior notice.,Extra beds available in suites only.,1038.00,AED,"card,netbanking,wallet,upi",1,1,,2026-08-18T10:00:00+05:30
hpo_0ec25cb6,htl_1723889f,Suitable for children over 8 only; the property has open stairwells and a plunge pool.,Small pets under 10kg permitted in ground-floor rooms with prior notice.,No extra beds available.,1346.00,QAR,"wallet,card",1,1,Two steps at the entrance and no lift — not suitable for wheelchair users.,2026-08-18T10:00:00+05:30
hpo_77641e6f,htl_94be8798,"Children of all ages welcome. One child under 5 free per room, cot on request.",Small pets under 10kg permitted in ground-floor rooms with prior notice.,No extra beds available.,896.00,QAR,"card,wallet",1,0,,2026-08-18T10:00:00+05:30
hpo_668dc276,htl_986e57e9,Children under 6 stay free using existing bedding; 6-12 charged at 50% with breakfast.,Small pets under 10kg permitted in ground-floor rooms with prior notice.,Extra beds available in suites only.,1319.00,QAR,"netbanking,wallet,upi",1,1,Two steps at the entrance and no lift — not suitable for wheelchair users.,2026-08-18T10:00:00+05:30
hpo_f861e261,htl_bbafa1bd,Suitable for children over 8 only; the property has open stairwells and a plunge pool.,Small pets under 10kg permitted in ground-floor rooms with prior notice.,Extra beds available in suites only.,2330.00,QAR,"wallet,upi",1,0,Step-free entry from the car park; one accessible bathroom on the ground floor.,2026-08-18T10:00:00+05:30
hpo_372d9baf,htl_dabb8548,"Children of all ages welcome. One child under 5 free per room, cot on request.","Pet friendly throughout, including the restaurant terrace.",Extra beds available in suites only.,,,"wallet,card,upi",0,1,,2026-08-18T10:00:00+05:30
hpo_db5cea3f,htl_6ae380cf,"Children of all ages welcome. One child under 5 free per room, cot on request.",Small pets under 10kg permitted in ground-floor rooms with prior notice.,"One extra bed per room, chargeable.",,,"card,upi,wallet,netbanking",0,1,,2026-08-18T10:00:00+05:30
hpo_27b174e3,htl_521bb81f,Children under 6 stay free using existing bedding; 6-12 charged at 50% with breakfast.,Pets are not permitted.,"One extra bed per room, chargeable.",930.00,SGD,"card,netbanking,wallet",1,1,Two steps at the entrance and no lift — not suitable for wheelchair users.,2026-08-18T10:00:00+05:30
hpo_b3028337,htl_30f184fa,Suitable for children over 8 only; the property has open stairwells and a plunge pool.,Small pets under 10kg permitted in ground-floor rooms with prior notice.,Extra beds available in suites only.,2125.00,SGD,"card,netbanking",1,1,Step-free entry from the car park; one accessible bathroom on the ground floor.,2026-08-18T10:00:00+05:30
hpo_ce34f716,htl_ef749d59,Children under 6 stay free using existing bedding; 6-12 charged at 50% with breakfast.,Small pets under 10kg permitted in ground-floor rooms with prior notice.,No extra beds available.,1373.00,SGD,"upi,card,wallet,netbanking",0,1,,2026-08-18T10:00:00+05:30
hpo_e13254ac,htl_488b1796,Suitable for children over 8 only; the property has open stairwells and a plunge pool.,Pets are not permitted.,"One extra bed per room, chargeable.",586.00,SGD,"wallet,card,netbanking,upi",0,1,Step-free entry from the car park; one accessible bathroom on the ground floor.,2026-08-18T10:00:00+05:30
hpo_11ab95a5,htl_a0afc350,Children under 6 stay free using existing bedding; 6-12 charged at 50% with breakfast.,Pets are not permitted.,No extra beds available.,1983.00,THB,"upi,netbanking,wallet,card",1,1,Lift serves all floors; accessible bathroom in rooms 101 and 102.,2026-08-18T10:00:00+05:30
hpo_7052d5e3,htl_c4166776,"Children of all ages welcome. One child under 5 free per room, cot on request.",Small pets under 10kg permitted in ground-floor rooms with prior notice.,No extra beds available.,2092.00,THB,"upi,card,wallet",0,1,Lift serves all floors; accessible bathroom in rooms 101 and 102.,2026-08-18T10:00:00+05:30
hpo_7360494e,htl_ca1c579e,Suitable for children over 8 only; the property has open stairwells and a plunge pool.,Pets are not permitted.,No extra beds available.,1250.00,THB,"upi,card",0,0,,2026-08-18T10:00:00+05:30
hpo_91feafe0,htl_14e2ae81,Suitable for children over 8 only; the property has open stairwells and a plunge pool.,Small pets under 10kg permitted in ground-floor rooms with prior notice.,Extra beds available in suites only.,,,"card,wallet,netbanking,upi",0,1,Two steps at the entrance and no lift — not suitable for wheelchair users.,2026-08-18T10:00:00+05:30
hpo_52e5494d,htl_64d03366,Children under 6 stay free using existing bedding; 6-12 charged at 50% with breakfast.,"Pet friendly throughout, including the restaurant terrace.",No extra beds available.,,,"netbanking,wallet",0,1,,2026-08-18T10:00:00+05:30
hpo_38316f3a,htl_5cf7dd7d,Children under 6 stay free using existing bedding; 6-12 charged at 50% with breakfast.,"Pet friendly throughout, including the restaurant terrace.",No extra beds available.,2251.00,MYR,"netbanking,upi,card,wallet",1,1,,2026-08-18T10:00:00+05:30
hpo_7b345a0f,htl_48e9885c,"Children of all ages welcome. One child under 5 free per room, cot on request.","Pet friendly throughout, including the restaurant terrace.","One extra bed per room, chargeable.",474.00,MYR,"netbanking,card,upi,wallet",1,1,Lift serves all floors; accessible bathroom in rooms 101 and 102.,2026-08-18T10:00:00+05:30
hpo_a949af3b,htl_f5d9d235,Suitable for children over 8 only; the property has open stairwells and a plunge pool.,"Pet friendly throughout, including the restaurant terrace.","One extra bed per room, chargeable.",,,"wallet,upi,netbanking,card",0,1,Lift serves all floors; accessible bathroom in rooms 101 and 102.,2026-08-18T10:00:00+05:30
hpo_7bb8b324,htl_c05586df,Suitable for children over 8 only; the property has open stairwells and a plunge pool.,"Pet friendly throughout, including the restaurant terrace.","One extra bed per room, chargeable.",1025.00,MYR,"card,netbanking,wallet",0,0,Step-free entry from the car park; one accessible bathroom on the ground floor.,2026-08-18T10:00:00+05:30
hpo_ddd12fee,htl_628ee540,Suitable for children over 8 only; the property has open stairwells and a plunge pool.,"Pet friendly throughout, including the restaurant terrace.",No extra beds available.,2436.00,MYR,"card,netbanking",0,0,Lift serves all floors; accessible bathroom in rooms 101 and 102.,2026-08-18T10:00:00+05:30
hpo_391c0d24,htl_fe67eead,Suitable for children over 8 only; the property has open stairwells and a plunge pool.,"Pet friendly throughout, including the restaurant terrace.",No extra beds available.,1259.00,IDR,"wallet,card,netbanking,upi",0,0,,2026-08-18T10:00:00+05:30
hpo_1f38ecd0,htl_1fc52e5d,Suitable for children over 8 only; the property has open stairwells and a plunge pool.,Small pets under 10kg permitted in ground-floor rooms with prior notice.,No extra beds available.,1576.00,IDR,"wallet,upi,card,netbanking",0,1,Two steps at the entrance and no lift — not suitable for wheelchair users.,2026-08-18T10:00:00+05:30
hpo_8c9ef240,htl_30408181,Children under 6 stay free using existing bedding; 6-12 charged at 50% with breakfast.,Pets are not permitted.,"One extra bed per room, chargeable.",1697.00,IDR,"netbanking,upi",0,1,Two steps at the entrance and no lift — not suitable for wheelchair users.,2026-08-18T10:00:00+05:30
hpo_6e559f5b,htl_15145914,"Children of all ages welcome. One child under 5 free per room, cot on request.",Small pets under 10kg permitted in ground-floor rooms with prior notice.,No extra beds available.,665.00,IDR,"upi,card,netbanking",0,0,Step-free entry from the car park; one accessible bathroom on the ground floor.,2026-08-18T10:00:00+05:30
hpo_bbcd580b,htl_faf784c8,"Children of all ages welcome. One child under 5 free per room, cot on request.","Pet friendly throughout, including the restaurant terrace.",No extra beds available.,,,"upi,card,netbanking,wallet",1,0,Step-free entry from the car park; one accessible bathroom on the ground floor.,2026-08-18T10:00:00+05:30
hpo_52e9098d,htl_b7ca8001,Children under 6 stay free using existing bedding; 6-12 charged at 50% with breakfast.,Small pets under 10kg permitted in ground-floor rooms with prior notice.,Extra beds available in suites only.,,,"upi,netbanking",0,0,Two steps at the entrance and no lift — not suitable for wheelchair users.,2026-08-18T10:00:00+05:30
hpo_dae5be5b,htl_647a13b7,"Children of all ages welcome. One child under 5 free per room, cot on request.",Small pets under 10kg permitted in ground-floor rooms with prior notice.,Extra beds available in suites only.,490.00,JPY,"wallet,upi,card",1,1,,2026-08-18T10:00:00+05:30
hpo_242ffb0b,htl_5ea20ea8,Children under 6 stay free using existing bedding; 6-12 charged at 50% with breakfast.,Small pets under 10kg permitted in ground-floor rooms with prior notice.,"One extra bed per room, chargeable.",,,"netbanking,upi,wallet,card",0,0,Lift serves all floors; accessible bathroom in rooms 101 and 102.,2026-08-18T10:00:00+05:30
hpo_6256d3d9,htl_92768774,"Children of all ages welcome. One child under 5 free per room, cot on request.",Pets are not permitted.,No extra beds available.,1661.00,JPY,"upi,wallet,netbanking",0,1,Two steps at the entrance and no lift — not suitable for wheelchair users.,2026-08-18T10:00:00+05:30
hpo_d38f3069,htl_6583da9d,Children under 6 stay free using existing bedding; 6-12 charged at 50% with breakfast.,Small pets under 10kg permitted in ground-floor rooms with prior notice.,No extra beds available.,1717.00,JPY,"card,upi,wallet,netbanking",0,0,Lift serves all floors; accessible bathroom in rooms 101 and 102.,2026-08-18T10:00:00+05:30
hpo_7f05f7a7,htl_861fb9d1,Children under 6 stay free using existing bedding; 6-12 charged at 50% with breakfast.,"Pet friendly throughout, including the restaurant terrace.",No extra beds available.,,,"wallet,upi,card",0,0,Lift serves all floors; accessible bathroom in rooms 101 and 102.,2026-08-18T10:00:00+05:30
hpo_d238b33e,htl_36af7bab,"Children of all ages welcome. One child under 5 free per room, cot on request.",Pets are not permitted.,No extra beds available.,521.00,CHF,"card,upi",1,1,Lift serves all floors; accessible bathroom in rooms 101 and 102.,2026-08-18T10:00:00+05:30
hpo_fdb8fa19,htl_f73ed585,"Children of all ages welcome. One child under 5 free per room, cot on request.","Pet friendly throughout, including the restaurant terrace.","One extra bed per room, chargeable.",,,"upi,netbanking,card,wallet",1,0,Step-free entry from the car park; one accessible bathroom on the ground floor.,2026-08-18T10:00:00+05:30
hpo_40a79bf4,htl_daff4ec9,"Children of all ages welcome. One child under 5 free per room, cot on request.","Pet friendly throughout, including the restaurant terrace.","One extra bed per room, chargeable.",940.00,CHF,"upi,card,wallet",0,0,Lift serves all floors; accessible bathroom in rooms 101 and 102.,2026-08-18T10:00:00+05:30
hpo_1e60b367,htl_4a4eea20,Suitable for children over 8 only; the property has open stairwells and a plunge pool.,Small pets under 10kg permitted in ground-floor rooms with prior notice.,"One extra bed per room, chargeable.",778.00,CHF,"card,netbanking,upi,wallet",0,1,Two steps at the entrance and no lift — not suitable for wheelchair users.,2026-08-18T10:00:00+05:30
